연번,노선,시작 위치,끝 위치,띠녹지 폭(미터),띠녹지 연장(길이 미터),위도 ,경도
1,북비산로,북비산로407(애당) 앞 부터,북비산로 391(달성오토바이) 앞 까지,1,11,35.878466,128.5776601
2,북비산로,북비산로407(애당) 앞 부터,북비산로 391(달성오토바이) 앞 까지,1,32,35.8784995,128.5774602
3,북비산로,북비산로407(애당) 앞 부터,북비산로 391(달성오토바이) 앞 까지,1,26,35.8786005,128.5769174
4,북비산로,북비산로407(애당) 앞 부터,북비산로 391(달성오토바이) 앞 까지,1,17,35.8786546,128.5766338
5,북비산로,북비산로407(애당) 앞 부터,북비산로 391(달성오토바이) 앞 까지,1,34,35.8787122,128.5763867
6,북비산로,달서로200(국보부동산) 앞 부터,달서로 204(한국부동산) 앞 까지,1,4.3,35.8799985,128.5716227
7,북비산로,달서로200(국보부동산) 앞 부터,달서로 204(한국부동산) 앞 까지,1,10,35.8800683,128.5716271
8,북비산로,달서로200(국보부동산) 앞 부터,달서로 204(한국부동산) 앞 까지,1,18,35.8801585,128.5716618
9,북비산로,달서로 201(강내과) 앞 부터,달서로201(GS25대구북비산점) 앞 까지,1,30,35.8805293,128.5716315
10,북비산로,달서로 201(강내과) 앞 부터,달서로201(GS25대구북비산점) 앞 까지,1,14,35.880244,128.5715309
11,북비산로,북비산로343(우성약국)앞 부터,북비산로273(동남부엌가구) 앞까지,1,13.5,35.8796532,128.5708278
12,북비산로,북비산로343(우성약국)앞 부터,북비산로273(동남부엌가구) 앞까지,1,16,35.8796337,128.5706922
13,북비산로,북비산로343(우성약국)앞 부터,북비산로273(동남부엌가구) 앞까지,1,7,35.8796217,128.5703893
14,북비산로,북비산로343(우성약국)앞 부터,북비산로273(동남부엌가구) 앞까지,1,5.4,35.8796252,128.5703323
15,북비산로,북비산로343(우성약국)앞 부터,북비산로273(동남부엌가구) 앞까지,1,4,35.8796209,128.5701918
16,북비산로,북비산로343(우성약국)앞 부터,북비산로273(동남부엌가구) 앞까지,1,6,35.8796344,128.5699242
17,북비산로,북비산로343(우성약국)앞 부터,북비산로273(동남부엌가구) 앞까지,1,6,35.8796225,128.5698639
18,북비산로,북비산로343(우성약국)앞 부터,북비산로273(동남부엌가구) 앞까지,1,9,35.8796138,128.5697878
19,북비산로,북비산로343(우성약국)앞 부터,북비산로273(동남부엌가구) 앞까지,1,6,35.8796097,128.5696382
20,북비산로,북비산로343(우성약국)앞 부터,북비산로273(동남부엌가구) 앞까지,1,15,35.8796222,128.5695035
21,북비산로,북비산로343(우성약국)앞 부터,북비산로273(동남부엌가구) 앞까지,1,12,35.8796035,128.5695035
22,북비산로,북비산로343(우성약국)앞 부터,북비산로273(동남부엌가구) 앞까지,1,10,35.8795956,128.5688611
23,북비산로,북비산로343(우성약국)앞 부터,북비산로273(동남부엌가구) 앞까지,1,9.3,35.8795733,128.568623
24,북비산로,북비산로343(우성약국)앞 부터,북비산로273(동남부엌가구) 앞까지,1,7,35.8795573,128.5685003
25,북비산로,북비산로343(우성약국)앞 부터,북비산로273(동남부엌가구) 앞까지,1,17,35.8795535,128.5683753
26,북비산로,북비산로343(우성약국)앞 부터,북비산로273(동남부엌가구) 앞까지,1,7,35.5795399,128.5681422
27,북비산로,북비산로343(우성약국)앞 부터,북비산로273(동남부엌가구) 앞까지,1,17,35.8795358,128.5679069
28,북비산로,북비산로343(우성약국)앞 부터,북비산로273(동남부엌가구) 앞까지,1,15,35.8795426,128.5676906
29,북비산로,북비산로343(우성약국)앞 부터,북비산로273(동남부엌가구) 앞까지,1,5,35.8795271,128.5674787
30,북비산로,북비산로343(우성약국)앞 부터,북비산로273(동남부엌가구) 앞까지,1,5,35.8795,128.5669584
31,북비산로,북비산로343(우성약국)앞 부터,북비산로273(동남부엌가구) 앞까지,1,10,35.8795014,128.5669071
32,북비산로,북비산로343(우성약국)앞 부터,북비산로273(동남부엌가구) 앞까지,1,10,35.8795021,128.5668126
33,북비산로,북비산로343(우성약국)앞 부터,북비산로273(동남부엌가구) 앞까지,1,10,35.8794954,128.5664853
34,북비산로,북비산로343(우성약국)앞 부터,북비산로273(동남부엌가구) 앞까지,1,5,35.879482,128.5667113
35,북비산로,북비산로343(우성약국)앞 부터,북비산로273(동남부엌가구) 앞까지,1,22,35.8794794,128.5663898
36,북비산로,북비산로343(우성약국)앞 부터,북비산로273(동남부엌가구) 앞까지,1,15,35.8794804,128.5661256
37,북비산로,북비산로343(우성약국)앞 부터,북비산로273(동남부엌가구) 앞까지,1,10.5,35.8794611,128.5659375
38,북비산로,북비산로343(우성약국)앞 부터,북비산로273(동남부엌가구) 앞까지,1,4.5,35.8794408,128.5656589
39,북비산로,북비산로343(우성약국)앞 부터,북비산로273(동남부엌가구) 앞까지,1,14,35.8794484,128.5652763
40,북비산로,북비산로343(우성약국)앞 부터,북비산로273(동남부엌가구) 앞까지,1,10,35.8794283,128.5650783
41,북비산로,북비산로343(우성약국)앞 부터,북비산로273(동남부엌가구) 앞까지,1,12.3,35.8794258,128.5648981
42,북비산로,북비산로343(우성약국)앞 부터,북비산로273(동남부엌가구) 앞까지,1,9,35.8794489,128.5645561
43,북비산로,북비산로343(우성약국)앞 부터,북비산로273(동남부엌가구) 앞까지,1,4,35.8794446,128.5644294
44,북비산로,북비산로343(우성약국)앞 부터,북비산로273(동남부엌가구) 앞까지,1,4,35.8794682,128.5643063
45,북비산로,북비산로343(우성약국)앞 부터,북비산로273(동남부엌가구) 앞까지,1,15,35.8794149,128.5641769
46,북비산로,북비산로343(우성약국)앞 부터,북비산로273(동남부엌가구) 앞까지,1,8,35.8793962,128.5637991
47,북비산로,북비산로343(우성약국)앞 부터,북비산로273(동남부엌가구) 앞까지,1,22,35.8794035,128.5637773
48,북비산로,북비산로343(우성약국)앞 부터,북비산로273(동남부엌가구) 앞까지,1,7,35.8793916,128.5634889
49,북비산로,통학로217(대평중학교) 앞부터,북비산로203(족다믈) 앞 까지,1,22,35.8793546,128.5628452
50,북비산로,통학로217(대평중학교) 앞부터,북비산로203(족다믈) 앞 까지,1,8,35.8793405,128.5623983
51,북비산로,통학로217(대평중학교) 앞부터,북비산로203(족다믈) 앞 까지,1,14,35.8793413,128.5622823
52,북비산로,통학로217(대평중학교) 앞부터,북비산로203(족다믈) 앞 까지,1,8,35.8793254,128.5620992
53,북비산로,통학로217(대평중학교) 앞부터,북비산로203(족다믈) 앞 까지,1,13,35.8793307,128.5615678
54,북비산로,통학로217(대평중학교) 앞부터,북비산로203(족다믈) 앞 까지,1,13,35.879312,128.561423
55,북비산로,통학로217(대평중학교) 앞부터,북비산로203(족다믈) 앞 까지,1,9,35.8793003,128.5612436
56,북비산로,통학로217(대평중학교) 앞부터,북비산로203(족다믈) 앞 까지,1,8,35.8792889,128.56102
57,북비산로,통학로217(대평중학교) 앞부터,북비산로203(족다믈) 앞 까지,1,4.5,35.8792797,128.5604768
58,북비산로,통학로217(대평중학교) 앞부터,북비산로203(족다믈) 앞 까지,1,9.4,35.8792802,128.5604128
59,북비산로,통학로217(대평중학교) 앞부터,북비산로203(족다믈) 앞 까지,1,6,35.879265,128.5602203
60,북비산로,통학로217(대평중학교) 앞부터,북비산로203(족다믈) 앞 까지,1,4.5,35.8792775,128.559988
61,북비산로,통학로217(대평중학교) 앞부터,북비산로203(족다믈) 앞 까지,1,9.5,35.8792386,128.5597644
62,북비산로,통학로217(대평중학교) 앞부터,북비산로203(족다믈) 앞 까지,1,10,35.8792378,128.5596591
63,북비산로,통학로217(대평중학교) 앞부터,북비산로203(족다믈) 앞 까지,1,7.5,35.879234,128.559521
64,북비산로,통학로217(대평중학교) 앞부터,북비산로203(족다믈) 앞 까지,1,7,35.8792232,128.5586482
65,북비산로,통학로217(대평중학교) 앞부터,북비산로203(족다믈) 앞 까지,1,13.8,35.8792115,128.558502
66,북비산로,통학로217(대평중학교) 앞부터,북비산로203(족다믈) 앞 까지,1,10,35.8792145,128.5581115
67,북비산로,통학로217(대평중학교) 앞부터,북비산로203(족다믈) 앞 까지,1,7,35.5791963,128.5579545
68,북비산로,통학로217(대평중학교) 앞부터,북비산로203(족다믈) 앞 까지,1,6.5,35.8791789,128.5577711
69,북비산로,통학로217(대평중학교) 앞부터,북비산로203(족다믈) 앞 까지,1,9,35.8791625,128.5573081
70,북비산로,통학로217(대평중학교) 앞부터,북비산로203(족다믈) 앞 까지,1,15,35.8791626,128.557229
71,북비산로,통학로217(대평중학교) 앞부터,북비산로203(족다믈) 앞 까지,1,15,35.8791533,128.9970302
72,북비산로,통학로217(대평중학교) 앞부터,북비산로203(족다믈) 앞 까지,1,3.3,35.879159,128.5568277
73,북비산로,통학로217(대평중학교) 앞부터,북비산로203(족다믈) 앞 까지,1,7,35.8791362,128.5564233
74,북비산로,통학로217(대평중학교) 앞부터,북비산로203(족다믈) 앞 까지,1,9,35.879136,128.5563489
75,북비산로,통학로217(대평중학교) 앞부터,북비산로203(족다믈) 앞 까지,1,10,35.8791297,128.5563043
76,북비산로,통학로217(대평중학교) 앞부터,북비산로203(족다믈) 앞 까지,1,14,35.8791509,128.5561276
77,북비산로,통학로217(대평중학교) 앞부터,북비산로203(족다믈) 앞 까지,1,2.5,35.8791218,128.5558058
78,북비산로,통학로217(대평중학교) 앞부터,북비산로203(족다믈) 앞 까지,1,7.4,35.8791197,128.5575733
79,북비산로,통학로217(대평중학교) 앞부터,북비산로203(족다믈) 앞 까지,1,8.3,35.8791302,128.5555694
80,북비산로,통학로217(대평중학교) 앞부터,북비산로203(족다믈) 앞 까지,1,4,35.8791232,128.5554758
81,북비산로,통학로217(대평중학교) 앞부터,북비산로203(족다믈) 앞 까지,1,6.5,35.8791164,128.5553917
82,평리네거리,평리동530-7(태광베어링) 부터,북비산로 155(예담교회)까지,1,12.4,35.8790675,128.5540439
83,평리네거리,평리동530-7(태광베어링) 부터,북비산로 155(예담교회)까지,1,17,35.8790675,128.5540439
84,평리네거리,평리동530-7(태광베어링) 부터,북비산로 155(예담교회)까지,1,9,35.8790507,128.5538219
85,평리네거리,평리동530-7(태광베어링) 부터,북비산로 155(예담교회)까지,1,13.8,35.8790371,128.5535058
86,평리네거리,평리동530-7(태광베어링) 부터,북비산로 155(예담교회)까지,1,12.7,35.8790344,128.553262
87,평리네거리,평리동530-7(태광베어링) 부터,북비산로 155(예담교회)까지,1,5.5,35.8790292,128.5528768
88,평리네거리,평리동530-7(태광베어링) 부터,북비산로 155(예담교회)까지,1,7.5,35.8790034,128.5528173
89,평리네거리,평리동530-7(태광베어링) 부터,북비산로 155(예담교회)까지,1,12.5,35.8789705,128.5524175
90,평리네거리,평리동530-7(태광베어링) 부터,북비산로 155(예담교회)까지,1,2,35.8790083,128.552046
91,평리네거리,평리동530-7(태광베어링) 부터,북비산로 155(예담교회)까지,1,10.3,35.8789857,128.5513902
92,평리네거리,평리동530-7(태광베어링) 부터,북비산로 155(예담교회)까지,1,14.5,35.8789689,128.5511625
93,평리네거리,평리동530-7(태광베어링) 부터,북비산로 155(예담교회)까지,1,10.8,35.8789689,128.5507837
94,평리네거리,평리동530-7(태광베어링) 부터,북비산로 155(예담교회)까지,1,3.6,35.8789251,128.5506093
95,평리네거리,평리동530-7(태광베어링) 부터,북비산로 155(예담교회)까지,1,3,35.8789268,128.5503022
96,평리네거리,평리동530-7(태광베어링) 부터,북비산로 155(예담교회)까지,1,10.5,35.8789178,128.5501869
97,평리네거리,평리동530-7(태광베어링) 부터,북비산로 155(예담교회)까지,1,4,35.8789162,128.5500358
98,평리네거리,평리동530-7(태광베어링) 부터,북비산로 155(예담교회)까지,1,12.6,35.8789436,128.5498942
99,평리네거리,평리동530-7(태광베어링) 부터,북비산로 155(예담교회)까지,1,17,35.8789333,128.5497135
100,평리네거리,평리동 120-10 부터,북비산로71(보성종합기지계부) 까지,1,110,35.8788743,128.5489748
101,평리네거리,평리동 120-10 부터,북비산로71(보성종합기지계부) 까지,1,31,35.8788567,128.5476364
102,평리네거리,평리동 120-10 부터,북비산로71(보성종합기지계부) 까지,1,16,35.8788216,128.5469089
103,평리네거리,평리동 120-10 부터,북비산로71(보성종합기지계부) 까지,1,5,35.8788105,128.5466688
104,평리네거리,평리동 120-10 부터,북비산로71(보성종합기지계부) 까지,1,13,35.8788314,128.546305
105,평리네거리,평리동 120-10 부터,북비산로71(보성종합기지계부) 까지,1,13,35.8788203,128.5461803
106,평리네거리,평리동 120-10 부터,북비산로71(보성종합기지계부) 까지,1,7,35.8787888,128.5458662
107,평리네거리,평리동 120-10 부터,북비산로71(보성종합기지계부) 까지,1,8,35.8787928,128.5457867
108,평리네거리,평리동 120-10 부터,북비산로71(보성종합기지계부) 까지,1,12,35.8787549,128.5445301
109,평리네거리,평리동 120-10 부터,북비산로71(보성종합기지계부) 까지,1,16,35.8787616,128.5444027
110,평리네거리,평리동 120-10 부터,북비산로71(보성종합기지계부) 까지,1,14,35.8787578,128.5442387
111,평리네거리,평리동 120-10 부터,북비산로71(보성종합기지계부) 까지,1,17,35.8787437,128.5439638
112,평리네거리,평리동 120-10 부터,북비산로71(보성종합기지계부) 까지,1,11,35.8786823,128.5433714
113,평리네거리,평리동 120-10 부터,북비산로71(보성종합기지계부) 까지,1,12,35.8786377,128.5424306
114,평리네거리,평리동 120-10 부터,북비산로71(보성종합기지계부) 까지,1,12,53.8786377,128.5424306
115,평리네거리,평리동 120-10 부터,북비산로71(보성종합기지계부) 까지,1,6,35.878613,128.5422968
116,평리네거리,평리동 120-10 부터,북비산로71(보성종합기지계부) 까지,1,6,35.8786195,128.5421339
117,평리네거리,평리동 120-10 부터,북비산로71(보성종합기지계부) 까지,1,5.5,35.8785983,128.5418529
118,평리네거리,평리동 120-10 부터,북비산로71(보성종합기지계부) 까지,1,15,35.878607,128.5417708
119,평리네거리,평리동 120-10 부터,북비산로71(보성종합기지계부) 까지,1,16,35.8785888,128.5414519
120,평리네거리,평리동 120-10 부터,북비산로71(보성종합기지계부) 까지,1,8,35.8785804,128.5411475
121,평리네거리,평리동 120-10 부터,북비산로71(보성종합기지계부) 까지,1,15,35.8785736,128.5418977
122,평리네거리,북비산로45(클라크지게차) 부터,북비산로41(GS칼텍스주유소) 까지,1,9.7,35.8785793,128.5379788
123,평리네거리,북비산로45(클라크지게차) 부터,북비산로41(GS칼텍스주유소) 까지,1,24,35.8785712,128.5375255
124,평리네거리,북비산로49(예천사) 부터,북비산로48(SK서대구IC충전소) 까지,1,32,35.8784261,128.5372134
125,평리네거리,북비산로49(예천사) 부터,북비산로48(SK서대구IC충전소) 까지,1,13,35.8784424,128.5378038
126,평리네거리,북비산로49(예천사) 부터,북비산로48(SK서대구IC충전소) 까지,1,26,35.8784098,128.5381967
127,평리네거리,북비산로68(굿이어타이어) 부터,북비산로120(그린웨이) 까지,1,13,35.8784256,128.5404626
128,평리네거리,북비산로68(굿이어타이어) 부터,북비산로120(그린웨이) 까지,1,18,35.8784253,128.5406077
129,평리네거리,북비산로68(굿이어타이어) 부터,북비산로120(그린웨이) 까지,1,7,35.8784272,128.5410261
130,평리네거리,북비산로68(굿이어타이어) 부터,북비산로120(그린웨이) 까지,1,32,35.8784527,128.5412645
131,평리네거리,북비산로68(굿이어타이어) 부터,북비산로120(그린웨이) 까지,1,35,35.8784609,128.5417587
132,평리네거리,북비산로68(굿이어타이어) 부터,북비산로120(그린웨이) 까지,1,4,35.878506,128.5424614
133,평리네거리,북비산로68(굿이어타이어) 부터,북비산로120(그린웨이) 까지,1,8,35.8784897,128.5429855
134,평리네거리,북비산로68(굿이어타이어) 부터,북비산로120(그린웨이) 까지,1,9,35.8785503,138.5433737
135,평리네거리,북비산로68(굿이어타이어) 부터,북비산로120(그린웨이) 까지,1,5,35.8785549,128.543939
136,평리네거리,북비산로68(굿이어타이어) 부터,북비산로120(그린웨이) 까지,1,5,35.8785709,128.5440634
137,평리네거리,북비산로68(굿이어타이어) 부터,북비산로120(그린웨이) 까지,1,4,35.8785549,128.5441311
138,평리네거리,북비산로68(굿이어타이어) 부터,북비산로120(그린웨이) 까지,1,11,35.8785636,128.5442364
139,평리네거리,북비산로68(굿이어타이어) 부터,북비산로120(그린웨이) 까지,1,4,35.8786032,128.5447484
140,평리네거리,북비산로68(굿이어타이어) 부터,북비산로120(그린웨이) 까지,1,19,35.8786127,128.5452969
141,평리네거리,북비산로68(굿이어타이어) 부터,북비산로120(그린웨이) 까지,1,21,35.8786331,128.5458534
142,평리네거리,북비산로68(굿이어타이어) 부터,북비산로120(그린웨이) 까지,1,18,35.8786475,128.5460268
143,평리네거리,북비산로68(굿이어타이어) 부터,북비산로120(그린웨이) 까지,1,4,35.8786625,128.54636
144,평리네거리,북비산로68(굿이어타이어) 부터,북비산로120(그린웨이) 까지,1,25,35.8786649,128.5465853
145,평리네거리,서대구로 45길 60(대구서평초) 부터,서대구로227(타이어할인매장평리상사) 까지,1,42,35.8786725,128.5474
146,평리네거리,서대구로 45길 60(대구서평초) 부터,서대구로227(타이어할인매장평리상사) 까지,1,126,35.878691,128.5479392
147,평리네거리,서대구로 45길 60(대구서평초) 부터,서대구로227(타이어할인매장평리상사) 까지,1,9.6,35.878751,128.5496276
148,평리네거리,서대구로 45길 60(대구서평초) 부터,서대구로227(타이어할인매장평리상사) 까지,1,18,35.878754,128.5498395
149,평리네거리,서대구로 45길 60(대구서평초) 부터,서대구로227(타이어할인매장평리상사) 까지,1,6.2,35.8787804,128.5500186
150,평리네거리,서대구로 45길 60(대구서평초) 부터,서대구로227(타이어할인매장평리상사) 까지,1,21,35.8788143,128.5513462
151,평리네거리,서대구로 45길 60(대구서평초) 부터,서대구로227(타이어할인매장평리상사) 까지,1,15,35.8788072,128.5518465
152,평리네거리,서대구로 45길 60(대구서평초) 부터,서대구로227(타이어할인매장평리상사) 까지,1,17,35.8788214,128.5519974
153,평리네거리,서대구로 45길 60(대구서평초) 부터,서대구로227(타이어할인매장평리상사) 까지,1,14,35.8488436,128.5521925
154,평리네거리,서대구로 45길 60(대구서평초) 부터,서대구로227(타이어할인매장평리상사) 까지,1,33,35.8788393,128.5523937
155,평리네거리,서대구로 45길 60(대구서평초) 부터,서대구로227(타이어할인매장평리상사) 까지,1,118,35.8788689,128.5527159
156,평리네거리,서대구로234(오토월드)부터,북비산로 236 (미소김밥천국) 까지,1,3.5,35.8789322,128.555161
157,평리네거리,서대구로234(오토월드)부터,북비산로 236 (미소김밥천국) 까지,1,10,35.8789401,128.5553562
158,평리네거리,서대구로234(오토월드)부터,북비산로 236 (미소김밥천국) 까지,1,15,35.8789257,128.5555486
159,평리네거리,서대구로234(오토월드)부터,북비산로 236 (미소김밥천국) 까지,1,5.5,35.8789971,128.5557836
160,평리네거리,서대구로234(오토월드)부터,북비산로 236 (미소김밥천국) 까지,1,5.5,35.879005,128.5558661
161,평리네거리,서대구로234(오토월드)부터,북비산로 236 (미소김밥천국) 까지,1,6.5,35.87899871,128.5559761
162,평리네거리,서대구로234(오토월드)부터,북비산로 236 (미소김밥천국) 까지,1,5,35.8790077,128.5562168
163,평리네거리,서대구로234(오토월드)부터,북비산로 236 (미소김밥천국) 까지,1,6,35.8789958,128.5563217
164,평리네거리,서대구로234(오토월드)부터,북비산로 236 (미소김밥천국) 까지,1,10,35.8790181,128.5564689
165,평리네거리,서대구로234(오토월드)부터,북비산로 236 (미소김밥천국) 까지,1,9,35.8790319,128.5567328
166,평리네거리,서대구로234(오토월드)부터,북비산로 236 (미소김밥천국) 까지,1,11,35.87902,128.5567891
167,평리네거리,서대구로234(오토월드)부터,북비산로 236 (미소김밥천국) 까지,1,21,35.8790208,128.5569537
168,평리네거리,서대구로234(오토월드)부터,북비산로 236 (미소김밥천국) 까지,1,7,35.8790194,128.5572314
169,평리네거리,서대구로234(오토월드)부터,북비산로 236 (미소김밥천국) 까지,1,11,35.8790219,128.5573581
170,평리네거리,서대구로234(오토월드)부터,북비산로 236 (미소김밥천국) 까지,1,8.5,35.8790246,128.5577638
171,평리네거리,서대구로234(오토월드)부터,북비산로 236 (미소김밥천국) 까지,1,8,35.8790433,128.5579659
172,평리네거리,북비산로 240 (파리바게트) 부터,북비산로 270 (예람요양원 앞) 까지,1,14,35.879115,128.5594056
173,평리네거리,북비산로 240 (파리바게트) 부터,북비산로 270 (예람요양원 앞) 까지,1,8,35.8791069,128.5595645
174,평리네거리,북비산로 240 (파리바게트) 부터,북비산로 270 (예람요양원 앞) 까지,1,3.5,35.8791145,128.5597513
175,평리네거리,북비산로 240 (파리바게트) 부터,북비산로 270 (예람요양원 앞) 까지,1,3,35.8791267,128.5598924
176,평리네거리,북비산로 240 (파리바게트) 부터,북비산로 270 (예람요양원 앞) 까지,1,3.5,35.8791275,128.5599605
177,평리네거리,북비산로 240 (파리바게트) 부터,북비산로 270 (예람요양원 앞) 까지,1,14,35.8791384,128.5603578
178,평리네거리,북비산로 240 (파리바게트) 부터,북비산로 270 (예람요양원 앞) 까지,1,5,35.8791275,128.5610944
179,평리네거리,북비산로 240 (파리바게트) 부터,북비산로 270 (예람요양원 앞) 까지,1,5,35.8791637,128.5614998
180,평리네거리,북비산로 240 (파리바게트) 부터,북비산로 270 (예람요양원 앞) 까지,1,9,35.8791753,128.5616543
181,평리네거리,북비산로 240 (파리바게트) 부터,북비산로 270 (예람요양원 앞) 까지,1,16,35.8791919,128.5619872
182,평리네거리,북비산로 240 (파리바게트) 부터,북비산로 270 (예람요양원 앞) 까지,1,15,35.8791925,128.5621753
183,평리네거리,북비산로 240 (파리바게트) 부터,북비산로 270 (예람요양원 앞) 까지,1,6,35.8791968,128.5625723
184,평리네거리,북비산로 240 (파리바게트) 부터,북비산로 270 (예람요양원 앞) 까지,1,9,35.8791862,128.5657406
185,평리네거리,통학로 202 (비산초등학교 앞) 부터,북비산로 342 (서대구한의원) 까지,1,84,35.8792147,128.5632928
186,평리네거리,통학로 202 (비산초등학교 앞) 부터,북비산로 342 (서대구한의원) 까지,1,14,35.8792718,128.5643194
187,평리네거리,통학로 202 (비산초등학교 앞) 부터,북비산로 342 (서대구한의원) 까지,1,6,35.8792568,128.5647729
188,평리네거리,통학로 202 (비산초등학교 앞) 부터,북비산로 342 (서대구한의원) 까지,1,8,35.8792732,128.5648438
189,평리네거리,통학로 202 (비산초등학교 앞) 부터,북비산로 342 (서대구한의원) 까지,1,9,35.8792968,128.5659676
190,평리네거리,통학로 202 (비산초등학교 앞) 부터,북비산로 342 (서대구한의원) 까지,1,6,35.8793133,128.5660686
191,평리네거리,통학로 202 (비산초등학교 앞) 부터,북비산로 342 (서대구한의원) 까지,1,9,35.8793345,128.5663354
192,평리네거리,통학로 202 (비산초등학교 앞) 부터,북비산로 342 (서대구한의원) 까지,1,4,35.8793489,128.5664642
193,평리네거리,통학로 202 (비산초등학교 앞) 부터,북비산로 342 (서대구한의원) 까지,1,3,35.8793465,128.5665158
194,평리네거리,통학로 202 (비산초등학교 앞) 부터,북비산로 342 (서대구한의원) 까지,1,3,35.8793261,128.566607
195,평리네거리,통학로 202 (비산초등학교 앞) 부터,북비산로 342 (서대구한의원) 까지,1,6,35.8793832,128.5673922
196,평리네거리,통학로 202 (비산초등학교 앞) 부터,북비산로 342 (서대구한의원) 까지,1,4,35.8793843,128.5676712
197,평리네거리,통학로 202 (비산초등학교 앞) 부터,북비산로 342 (서대구한의원) 까지,1,4,35.8794016,128.5677352
198,평리네거리,통학로 202 (비산초등학교 앞) 부터,북비산로 342 (서대구한의원) 까지,1,6.5,35.8794114,128.5683334
199,평리네거리,통학로 202 (비산초등학교 앞) 부터,북비산로 342 (서대구한의원) 까지,1,4,35.8794234,128.5683954
200,평리네거리,통학로 202 (비산초등학교 앞) 부터,북비산로 342 (서대구한의원) 까지,1,5.5,35.8794226,128.5684752
201,평리네거리,통학로 202 (비산초등학교 앞) 부터,북비산로 342 (서대구한의원) 까지,1,11.5,35.8794247,128.5688212
202,평리네거리,통학로 202 (비산초등학교 앞) 부터,북비산로 342 (서대구한의원) 까지,1,11,35.879431,128.5690733
203,평리네거리,통학로 202 (비산초등학교 앞) 부터,북비산로 342 (서대구한의원) 까지,1,14,35.8794568,128.5694798
204,평리네거리,통학로 202 (비산초등학교 앞) 부터,북비산로 342 (서대구한의원) 까지,1,6,35.879472,128.5697418
205,평리네거리,통학로 202 (비산초등학교 앞) 부터,북비산로 342 (서대구한의원) 까지,1,6,35.8794579,128.5698143
206,평리네거리,통학로 202 (비산초등학교 앞) 부터,북비산로 342 (서대구한의원) 까지,1,5,35.8794818,128.5699705
207,평리네거리,통학로 202 (비산초등학교 앞) 부터,북비산로 342 (서대구한의원) 까지,1,4,35.8794926,128.5700694
208,평리네거리,통학로 202 (비산초등학교 앞) 부터,북비산로 342 (서대구한의원) 까지,1,6,35.8794867,128.5703859
209,평리네거리,통학로 202 (비산초등학교 앞) 부터,북비산로 342 (서대구한의원) 까지,1,5,35.8794916,128.570518
210,평리네거리,통학로 202 (비산초등학교 앞) 부터,북비산로 342 (서대구한의원) 까지,1,20,35.8795184,128.5706558
211,평리네거리,통학로 202 (비산초등학교 앞) 부터,북비산로 342 (서대구한의원) 까지,1,5,35.8794981,128.5708654
212,평리네거리,달서로 191 (새현약국) 부터,달서로 183 (대구은행북비산점앞) 까지,1,8,35.8972267,128.5712194
213,평리네거리,달서로 191 (새현약국) 부터,달서로 183 (대구은행북비산점앞) 까지,1,12,35.8790037,128.5712526
214,평리네거리,달서로 191 (새현약국) 부터,달서로 183 (대구은행북비산점앞) 까지,1,15,35.8787907,128.5712395
215,평리네거리,달서로 184-1 (스마일안경콘택트 북비산점) 부터,달서로 188 (뚜레쥬르 북비산점) 까지,1,12,35.8788298,128.5714125
216,평리네거리,달서로 184-1 (스마일안경콘택트 북비산점) 부터,달서로 188 (뚜레쥬르 북비산점) 까지,1,27,35.8789371,128.5714092
217,평리네거리,북비산로 352 (뼈마시감자탕부대찌개북비산점) 부터,북비산로 468-1 (삼성목공기계) 까지,1,23,35.8794242,128.5718625
218,평리네거리,북비산로 352 (뼈마시감자탕부대찌개북비산점) 부터,북비산로 468-1 (삼성목공기계) 까지,1,6,35.8792085,128.5731255
219,평리네거리,북비산로 352 (뼈마시감자탕부대찌개북비산점) 부터,북비산로 468-1 (삼성목공기계) 까지,1,10,35.8790678,128.5737816
220,평리네거리,북비산로 352 (뼈마시감자탕부대찌개북비산점) 부터,북비산로 468-1 (삼성목공기계) 까지,1,18,35.8790515,128.5739274
221,평리네거리,북비산로 352 (뼈마시감자탕부대찌개북비산점) 부터,북비산로 468-1 (삼성목공기계) 까지,1,15,35.8789836,128.5742547
222,평리네거리,북비산로 352 (뼈마시감자탕부대찌개북비산점) 부터,북비산로 468-1 (삼성목공기계) 까지,1,10,35.8789184,128.5745728
223,평리네거리,북비산로 352 (뼈마시감자탕부대찌개북비산점) 부터,북비산로 468-1 (삼성목공기계) 까지,1,25,35.8788974,128.574708
224,평리네거리,북비산로 352 (뼈마시감자탕부대찌개북비산점) 부터,북비산로 468-1 (삼성목공기계) 까지,1,19,35.878832,128.5750157
225,평리네거리,북비산로 352 (뼈마시감자탕부대찌개북비산점) 부터,북비산로 468-1 (삼성목공기계) 까지,1,6.5,35.8788002,128.5752618
226,평리네거리,북비산로 352 (뼈마시감자탕부대찌개북비산점) 부터,북비산로 468-1 (삼성목공기계) 까지,1,38,35.8786839,128.5757523
227,평리네거리,북비산로 352 (뼈마시감자탕부대찌개북비산점) 부터,북비산로 468-1 (삼성목공기계) 까지,1,43,35.8785611,128.576444
228,평리네거리,북비산로 352 (뼈마시감자탕부대찌개북비산점) 부터,북비산로 468-1 (삼성목공기계) 까지,1,45,35.8486465,128.5770408
229,평리네거리,북비산로 352 (뼈마시감자탕부대찌개북비산점) 부터,북비산로 468-1 (삼성목공기계) 까지,1,19,35.8783112,128.5775648
230,와룡네거리,평리로 157 (라파엘웰빙센터) 부터,서구 와룡로 392 (르노삼성 대구사업소) 까지,1,26,35.8589347,128.5376331
231,와룡네거리,평리로 157 (라파엘웰빙센터) 부터,서구 와룡로 392 (르노삼성 대구사업소) 까지,1,61,35.8593727,128.5337647
232,와룡네거리,평리로 157 (라파엘웰빙센터) 부터,서구 와룡로 392 (르노삼성 대구사업소) 까지,1,7,35.8600097,128.5316402
233,와룡네거리,평리로 157 (라파엘웰빙센터) 부터,서구 와룡로 392 (르노삼성 대구사업소) 까지,1,8,35.860258,128.5376579
234,와룡네거리,평리로 157 (라파엘웰빙센터) 부터,서구 와룡로 392 (르노삼성 대구사업소) 까지,1,6,35.8605906,128.5376677
235,와룡네거리,평리로 157 (라파엘웰빙센터) 부터,서구 와룡로 392 (르노삼성 대구사업소) 까지,1,41,35.8608585,128.5376801
236,와룡네거리,평리로 157 (라파엘웰빙센터) 부터,서구 와룡로 392 (르노삼성 대구사업소) 까지,1,8,35.8613389,128.5376918
237,와룡네거리,평리로 157 (라파엘웰빙센터) 부터,서구 와룡로 392 (르노삼성 대구사업소) 까지,1,24,35.8615158,128.5376918
238,와룡네거리,평리로 157 (라파엘웰빙센터) 부터,서구 와룡로 392 (르노삼성 대구사업소) 까지,1,7,35.8618392,128.5376938
239,와룡네거리,평리로 157 (라파엘웰빙센터) 부터,서구 와룡로 392 (르노삼성 대구사업소) 까지,1,5,35.8619593,128.5377055
240,와룡네거리,평리로 157 (라파엘웰빙센터) 부터,서구 와룡로 392 (르노삼성 대구사업소) 까지,1,15,35.862288,128.537728
241,와룡네거리,평리로 157 (라파엘웰빙센터) 부터,서구 와룡로 392 (르노삼성 대구사업소) 까지,1,7,35.8622896,128.5377213
242,와룡네거리,평리로 157 (라파엘웰빙센터) 부터,서구 와룡로 392 (르노삼성 대구사업소) 까지,1,13,35.8628342,128.5377183
243,와룡네거리,평리로 157 (라파엘웰빙센터) 부터,서구 와룡로 392 (르노삼성 대구사업소) 까지,1,9,35.8630086,128.5377407
244,와룡네거리,평리로 157 (라파엘웰빙센터) 부터,서구 와룡로 392 (르노삼성 대구사업소) 까지,1,6,35.8631986,128.5377428
245,와룡네거리,평리로 157 (라파엘웰빙센터) 부터,서구 와룡로 392 (르노삼성 대구사업소) 까지,1,17,35.8634559,128.5377263
246,와룡네거리,평리로 157 (라파엘웰빙센터) 부터,서구 와룡로 392 (르노삼성 대구사업소) 까지,1,35,35.8638547,128.5177431
247,와룡네거리,평리로 157 (라파엘웰빙센터) 부터,서구 와룡로 392 (르노삼성 대구사업소) 까지,1,28,35.8643563,128.5377501
248,와룡네거리,평리로 157 (라파엘웰빙센터) 부터,서구 와룡로 392 (르노삼성 대구사업소) 까지,1,15,35.86485,128.5377649
249,와룡네거리,평리로 157 (라파엘웰빙센터) 부터,서구 와룡로 392 (르노삼성 대구사업소) 까지,1,6,35.8651614,128.5377749
250,와룡네거리,평리로 157 (라파엘웰빙센터) 부터,서구 와룡로 392 (르노삼성 대구사업소) 까지,1,9,35.8653366,128.5377961
251,와룡네거리,평리로 157 (라파엘웰빙센터) 부터,서구 와룡로 392 (르노삼성 대구사업소) 까지,1,29,35.8654407,128.5177796
252,와룡네거리,평리로 157 (라파엘웰빙센터) 부터,서구 와룡로 392 (르노삼성 대구사업소) 까지,1,19,35.8658589,128.5377877
253,와룡네거리,평리로 157 (라파엘웰빙센터) 부터,서구 와룡로 392 (르노삼성 대구사업소) 까지,1,7,35.8662297,128.5377954
254,와룡네거리,평리로 157 (라파엘웰빙센터) 부터,서구 와룡로 392 (르노삼성 대구사업소) 까지,1,9,35.8664322,128.5378031
255,와룡네거리,평리로 157 (라파엘웰빙센터) 부터,서구 와룡로 392 (르노삼성 대구사업소) 까지,1,15,35.8666134,128.5378028
256,와룡네거리,평리로 157 (라파엘웰빙센터) 부터,서구 와룡로 392 (르노삼성 대구사업소) 까지,1,7,35.8668769,128.5378108
257,와룡네거리,평리로 157 (라파엘웰빙센터) 부터,서구 와룡로 392 (르노삼성 대구사업소) 까지,1,20,35.8670937,128.5377934
258,와룡네거리,평리로 157 (라파엘웰빙센터) 부터,서구 와룡로 392 (르노삼성 대구사업소) 까지,1,22,35.8673554,128.5378293
259,와룡네거리,평리로 157 (라파엘웰빙센터) 부터,서구 와룡로 392 (르노삼성 대구사업소) 까지,1,17,35.8677814,128.5378232
260,와룡네거리,평리로 157 (라파엘웰빙센터) 부터,서구 와룡로 392 (르노삼성 대구사업소) 까지,1,34,35.3680811,128.5378279
261,와룡네거리,국채보상로 71 (타이어뱅크 서대구점) 부터,와룡로 464 (코오롱 모빌리티) 까지,1,24,35.8689617,128.5379205
262,와룡네거리,국채보상로 71 (타이어뱅크 서대구점) 부터,와룡로 464 (코오롱 모빌리티) 까지,1,7,35.8694961,128.5380485
263,와룡네거리,국채보상로 71 (타이어뱅크 서대구점) 부터,와룡로 464 (코오롱 모빌리티) 까지,1,9,35.8696219,128.5380794
264,와룡네거리,국채보상로 71 (타이어뱅크 서대구점) 부터,와룡로 464 (코오롱 모빌리티) 까지,1,9,35.8697219,128.5380888
265,와룡네거리,국채보상로 71 (타이어뱅크 서대구점) 부터,와룡로 464 (코오롱 모빌리티) 까지,1,32,35.8700419,128.5381947
266,와룡네거리,국채보상로 71 (타이어뱅크 서대구점) 부터,와룡로 464 (코오롱 모빌리티) 까지,1,20,35.8703948,128.5382631
267,와룡네거리,국채보상로 71 (타이어뱅크 서대구점) 부터,와룡로 464 (코오롱 모빌리티) 까지,1,5,35.8706796,128.5383144
268,와룡네거리,국채보상로 71 (타이어뱅크 서대구점) 부터,와룡로 464 (코오롱 모빌리티) 까지,1,45,35.8708937,128.5383365
269,와룡네거리,국채보상로 71 (타이어뱅크 서대구점) 부터,와룡로 464 (코오롱 모빌리티) 까지,1,25,35.8715237,128.538531
270,와룡네거리,국채보상로 71 (타이어뱅크 서대구점) 부터,와룡로 464 (코오롱 모빌리티) 까지,1,10,35.8718296,128.5385756
271,와룡네거리,국채보상로 71 (타이어뱅크 서대구점) 부터,와룡로 464 (코오롱 모빌리티) 까지,1,43,35.8721488,128.538647
272,와룡네거리,국채보상로 71 (타이어뱅크 서대구점) 부터,와룡로 464 (코오롱 모빌리티) 까지,1,8,35.873018,128.5388126
273,와룡네거리,국채보상로 71 (타이어뱅크 서대구점) 부터,와룡로 464 (코오롱 모빌리티) 까지,1,48,35.8736556,128.5388549
274,와룡네거리,국채보상로 71 (타이어뱅크 서대구점) 부터,와룡로 464 (코오롱 모빌리티) 까지,1,22,35.8739251,128.538991
275,와룡네거리,국채보상로 71 (타이어뱅크 서대구점) 부터,와룡로 464 (코오롱 모빌리티) 까지,1,13,35.8744904,128.5390859
276,와룡네거리,와룡로 480 (대구오토갤러리) 부터,와룡로 580 (이현삼거리) 까지,1,15,35.8747197,128.5391995
277,와룡네거리,와룡로 480 (대구오토갤러리) 부터,와룡로 580 (이현삼거리) 까지,1,9,35.8748118,128.5392481
278,와룡네거리,와룡로 480 (대구오토갤러리) 부터,와룡로 580 (이현삼거리) 까지,1,17,35.8750525,128.5392612
279,와룡네거리,와룡로 480 (대구오토갤러리) 부터,와룡로 580 (이현삼거리) 까지,1,10,35.8751848,128.5393313
280,와룡네거리,와룡로 480 (대구오토갤러리) 부터,와룡로 580 (이현삼거리) 까지,1,19,35.8753511,128.539331
281,와룡네거리,와룡로 480 (대구오토갤러리) 부터,와룡로 580 (이현삼거리) 까지,1,8,35.8753511,128.5390903
282,와룡네거리,와룡로 480 (대구오토갤러리) 부터,와룡로 580 (이현삼거리) 까지,1,14,35.8754796,128.539398
283,와룡네거리,와룡로 480 (대구오토갤러리) 부터,와룡로 580 (이현삼거리) 까지,1,16,35.8756271,128.5394443
284,와룡네거리,와룡로 480 (대구오토갤러리) 부터,와룡로 580 (이현삼거리) 까지,1,4,35.8758026,128.5394835
285,와룡네거리,와룡로 480 (대구오토갤러리) 부터,와룡로 580 (이현삼거리) 까지,1,10,35.875864,128.5394996
286,와룡네거리,와룡로 480 (대구오토갤러리) 부터,와룡로 580 (이현삼거리) 까지,1,5,35.876177,128.5395623
287,와룡네거리,와룡로 480 (대구오토갤러리) 부터,와룡로 580 (이현삼거리) 까지,1,5,35.3762422,128.539571
288,와룡네거리,와룡로 480 (대구오토갤러리) 부터,와룡로 580 (이현삼거리) 까지,1,4,35.876341,128.5395844
289,와룡네거리,와룡로 480 (대구오토갤러리) 부터,와룡로 580 (이현삼거리) 까지,1,4,35.8764014,128.5396035
290,와룡네거리,와룡로 480 (대구오토갤러리) 부터,와룡로 580 (이현삼거리) 까지,1,4,35.8764853,128.539631
291,와룡네거리,와룡로 480 (대구오토갤러리) 부터,와룡로 580 (이현삼거리) 까지,1,3,355.8765206,128.5396267
292,와룡네거리,와룡로 480 (대구오토갤러리) 부터,와룡로 580 (이현삼거리) 까지,1,8,35.8766684,128.5397045
293,와룡네거리,와룡로 480 (대구오토갤러리) 부터,와룡로 580 (이현삼거리) 까지,1,11,35.8769371,128.5397645
294,와룡네거리,와룡로 480 (대구오토갤러리) 부터,와룡로 580 (이현삼거리) 까지,1,17,35.877052,128.5397834
295,와룡네거리,와룡로 480 (대구오토갤러리) 부터,와룡로 580 (이현삼거리) 까지,1,3,35.8772992,128.5398349
296,와룡네거리,와룡로 480 (대구오토갤러리) 부터,와룡로 580 (이현삼거리) 까지,1,5,35.8773522,128.5398412
297,와룡네거리,와룡로 480 (대구오토갤러리) 부터,와룡로 580 (이현삼거리) 까지,1,11,35.877434,128.5398396
298,와룡네거리,와룡로 480 (대구오토갤러리) 부터,와룡로 580 (이현삼거리) 까지,1,35,35.8777255,128.5399204
299,이현삼거리,서울 와룡로 507 (티스테이션 서대구점) 부터,와룡로 469 (LF이현상설매장) 까지,1,4,35.8781047,128.5396347
300,이현삼거리,서울 와룡로 507 (티스테이션 서대구점) 부터,와룡로 469 (LF이현상설매장) 까지,1,28,35.8780458,128.5396262
301,이현삼거리,서울 와룡로 507 (티스테이션 서대구점) 부터,와룡로 469 (LF이현상설매장) 까지,1,24,35.8774715,128.5394587
302,이현삼거리,서울 와룡로 507 (티스테이션 서대구점) 부터,와룡로 469 (LF이현상설매장) 까지,1,70,35.8772618,128.5394366
303,이현삼거리,서울 와룡로 507 (티스테이션 서대구점) 부터,와룡로 469 (LF이현상설매장) 까지,1,33,35.8765353,128.5392656
304,이현삼거리,서울 와룡로 507 (티스테이션 서대구점) 부터,와룡로 469 (LF이현상설매장) 까지,1,20,35.8759309,128.5391335
305,이현삼거리,서울 와룡로 507 (티스테이션 서대구점) 부터,와룡로 469 (LF이현상설매장) 까지,1,40,35.8757559,128.5390949
306,이현삼거리,서울 와룡로 507 (티스테이션 서대구점) 부터,와룡로 469 (LF이현상설매장) 까지,1,38,35.8751241,128.5389615
307,이현삼거리,서울 와룡로 507 (티스테이션 서대구점) 부터,와룡로 469 (LF이현상설매장) 까지,1,20,35.8747809,128.5388874
308,이현삼거리,서울 와룡로 507 (티스테이션 서대구점) 부터,와룡로 469 (LF이현상설매장) 까지,1,6,35.8744981,128.5387898
309,이현삼거리,와룡로 453 (KJ진공수출포장) 부터,국채보상로 57 (에이스침대 이현동점) 까지,1,46,35.8740397,128.5386772
310,이현삼거리,와룡로 453 (KJ진공수출포장) 부터,국채보상로 57 (에이스침대 이현동점) 까지,1,42,35.8735279,128.5385679
311,이현삼거리,와룡로 453 (KJ진공수출포장) 부터,국채보상로 57 (에이스침대 이현동점) 까지,1,4,35.8730935,128.5384656
312,이현삼거리,와룡로 453 (KJ진공수출포장) 부터,국채보상로 57 (에이스침대 이현동점) 까지,1,30,35.8730155,128.5384363
313,이현삼거리,와룡로 453 (KJ진공수출포장) 부터,국채보상로 57 (에이스침대 이현동점) 까지,1,23,35.8725507,128.5383278
314,이현삼거리,와룡로 453 (KJ진공수출포장) 부터,국채보상로 57 (에이스침대 이현동점) 까지,1,5,35.8723349,128.538294
315,이현삼거리,와룡로 453 (KJ진공수출포장) 부터,국채보상로 57 (에이스침대 이현동점) 까지,1,21,35.8720423,128.5382219
316,이현삼거리,와룡로 453 (KJ진공수출포장) 부터,국채보상로 57 (에이스침대 이현동점) 까지,1,8,35.8718633,128.538184
317,이현삼거리,와룡로 453 (KJ진공수출포장) 부터,국채보상로 57 (에이스침대 이현동점) 까지,1,15,35.8716131,128.538124
318,이현삼거리,와룡로 453 (KJ진공수출포장) 부터,국채보상로 57 (에이스침대 이현동점) 까지,1,20,35.8712346,128.5380257
319,이현삼거리,와룡로 453 (KJ진공수출포장) 부터,국채보상로 57 (에이스침대 이현동점) 까지,1,17,35.8709018,128.5379597
320,이현삼거리,와룡로 453 (KJ진공수출포장) 부터,국채보상로 57 (에이스침대 이현동점) 까지,1,22,35.8704994,128.5378775
321,이현삼거리,와룡로 453 (KJ진공수출포장) 부터,국채보상로 57 (에이스침대 이현동점) 까지,1,10,35.870222,128.5378101
322,이현삼거리,와룡로 453 (KJ진공수출포장) 부터,국채보상로 57 (에이스침대 이현동점) 까지,1,27,35.8700487,128.537785
323,이현삼거리,와룡로 453 (KJ진공수출포장) 부터,국채보상로 57 (에이스침대 이현동점) 까지,1,9,35.8696097,128.5376814
324,이현삼거리,와룡로 453 (KJ진공수출포장) 부터,국채보상로 57 (에이스침대 이현동점) 까지,1,24,35.8695159,128.537665
325,이현삼거리,와룡로 453 (KJ진공수출포장) 부터,국채보상로 57 (에이스침대 이현동점) 까지,1,4,35.8692377,128.5375815
326,이현삼거리,와룡로 453 (KJ진공수출포장) 부터,국채보상로 57 (에이스침대 이현동점) 까지,1,31,35.8690703,128.5375496
327,이현삼거리,와룡로 397 (대박가구아울렛) 부터,와룡로 307 (D센터 1976) 까지,1,7,35.8682784,128.5374383
328,이현삼거리,와룡로 397 (대박가구아울렛) 부터,와룡로 307 (D센터 1976) 까지,1,7,35.8680069,128.5374537
329,이현삼거리,와룡로 397 (대박가구아울렛) 부터,와룡로 307 (D센터 1976) 까지,1,8,35.8679003,128.5374353
330,이현삼거리,와룡로 397 (대박가구아울렛) 부터,와룡로 307 (D센터 1976) 까지,1,6,35.8677684,128.5374454
331,이현삼거리,와룡로 397 (대박가구아울렛) 부터,와룡로 307 (D센터 1976) 까지,1,3.5,35.8675733,128.537441
332,이현삼거리,와룡로 397 (대박가구아울렛) 부터,와룡로 307 (D센터 1976) 까지,1,16,35.8674559,128.537439
333,이현삼거리,와룡로 397 (대박가구아울렛) 부터,와룡로 307 (D센터 1976) 까지,1,4,35.8672432,128.5374333
334,이현삼거리,와룡로 397 (대박가구아울렛) 부터,와룡로 307 (D센터 1976) 까지,1,9,35.8670823,128.5374276
335,이현삼거리,와룡로 397 (대박가구아울렛) 부터,와룡로 307 (D센터 1976) 까지,1,7.5,35.8669698,128.5374293
336,이현삼거리,와룡로 397 (대박가구아울렛) 부터,와룡로 307 (D센터 1976) 까지,1,17,35.8668104,128.5374323
337,이현삼거리,와룡로 397 (대박가구아울렛) 부터,와룡로 307 (D센터 1976) 까지,1,15,355.866587,128.5374048
338,이현삼거리,와룡로 397 (대박가구아울렛) 부터,와룡로 307 (D센터 1976) 까지,1,27,35.8662971,128.5374001
339,이현삼거리,와룡로 397 (대박가구아울렛) 부터,와룡로 307 (D센터 1976) 까지,1,20,35.86582,128.5373998
340,이현삼거리,와룡로 397 (대박가구아울렛) 부터,와룡로 307 (D센터 1976) 까지,1,41,35.8655312,128.5373884
341,이현삼거리,와룡로 397 (대박가구아울렛) 부터,와룡로 307 (D센터 1976) 까지,1,16,35.8649114,128.5373797
342,이현삼거리,와룡로 397 (대박가구아울렛) 부터,와룡로 307 (D센터 1976) 까지,1,26,35.8646576,128.5373893
343,이현삼거리,와룡로 397 (대박가구아울렛) 부터,와룡로 307 (D센터 1976) 까지,1,21,35.8643052,128.5373693
344,이현삼거리,와룡로 397 (대박가구아울렛) 부터,와룡로 307 (D센터 1976) 까지,1,12,35.6839463,128.5373676
345,이현삼거리,와룡로 397 (대박가구아울렛) 부터,와룡로 307 (D센터 1976) 까지,1,23,35.8635925,128.5373646
346,이현삼거리,와룡로 397 (대박가구아울렛) 부터,와룡로 307 (D센터 1976) 까지,1,31,35.8632415,128.5373501
347,이현삼거리,와룡로 397 (대박가구아울렛) 부터,와룡로 307 (D센터 1976) 까지,1,58,35.8628429,128.5373431
348,이현삼거리,와룡로 397 (대박가구아울렛) 부터,와룡로 307 (D센터 1976) 까지,1,12,35.8622421,128.5373149
349,이현삼거리,와룡로 397 (대박가구아울렛) 부터,와룡로 307 (D센터 1976) 까지,1,4,35.8620163,128.537321
350,이현삼거리,와룡로 397 (대박가구아울렛) 부터,와룡로 307 (D센터 1976) 까지,1,4,35.8617756,128.5373136
351,이현삼거리,와룡로 397 (대박가구아울렛) 부터,와룡로 307 (D센터 1976) 까지,1,12,35.8616753,128.5373154
352,이현삼거리,와룡로 397 (대박가구아울렛) 부터,와룡로 307 (D센터 1976) 까지,1,28,35.861506,128.5373136
353,이현삼거리,와룡로 397 (대박가구아울렛) 부터,와룡로 307 (D센터 1976) 까지,1,72,35.8611344,128.5372981
354,이현삼거리,와룡로 397 (대박가구아울렛) 부터,와룡로 307 (D센터 1976) 까지,1,39,35.8602806,128.537267
355,이현삼거리,와룡로 397 (대박가구아울렛) 부터,와룡로 307 (D센터 1976) 까지,1,50,35.8598496,128.537267
356,이현삼거리,와룡로 397 (대박가구아울렛) 부터,와룡로 307 (D센터 1976) 까지,1,26,35.8591423,128.5371882
357,국채보상로,서구 상중이동 44-71 (르노삼성) 부터,서구 상중이동 48-48 (섬유개발연구원) 까지,1.4,18.5,35.868537,128.53793
358,국채보상로,서구 상중이동 44-71 (르노삼성) 부터,서구 상중이동 48-48 (섬유개발연구원) 까지,1.4,22,35.868577,128.5386
359,국채보상로,서구 상중이동 44-71 (르노삼성) 부터,서구 상중이동 48-48 (섬유개발연구원) 까지,1.4,6.1,35.86858,128.539178
360,국채보상로,서구 상중이동 44-71 (르노삼성) 부터,서구 상중이동 48-48 (섬유개발연구원) 까지,1.4,6.2,35.868582,128.5539388
361,국채보상로,서구 상중이동 44-71 (르노삼성) 부터,서구 상중이동 48-48 (섬유개발연구원) 까지,1.4,6.9,35.86859,128.539496
362,국채보상로,서구 상중이동 44-71 (르노삼성) 부터,서구 상중이동 48-48 (섬유개발연구원) 까지,1.4,10.1,35.868579,128.539703
363,국채보상로,서구 상중이동 44-71 (르노삼성) 부터,서구 상중이동 48-48 (섬유개발연구원) 까지,1.4,10,35.868574,128.539776
364,국채보상로,서구 상중이동 44-71 (르노삼성) 부터,서구 상중이동 48-48 (섬유개발연구원) 까지,1.4,9.9,35.868583,128.53994
365,국채보상로,서구 상중이동 44-71 (르노삼성) 부터,서구 상중이동 48-48 (섬유개발연구원) 까지,1.4,10.1,35.868582,128.540073
366,국채보상로,서구 상중이동 44-71 (르노삼성) 부터,서구 상중이동 48-48 (섬유개발연구원) 까지,1.4,9.4,35.888592,128.540166
367,국채보상로,서구 상중이동 44-71 (르노삼성) 부터,서구 상중이동 48-48 (섬유개발연구원) 까지,1.4,8.4,35.868596,128.540398
368,국채보상로,서구 상중이동 44-71 (르노삼성) 부터,서구 상중이동 48-48 (섬유개발연구원) 까지,1.4,9,35.868611,128.540579
369,국채보상로,서구 상중이동 44-71 (르노삼성) 부터,서구 상중이동 48-48 (섬유개발연구원) 까지,1.4,6.8,35.868619,128.540736
370,국채보상로,서구 상중이동 44-71 (르노삼성) 부터,서구 상중이동 48-48 (섬유개발연구원) 까지,1.4,9.46,35.868643,128.541357
371,국채보상로,서구 상중이동 44-71 (르노삼성) 부터,서구 상중이동 48-48 (섬유개발연구원) 까지,1.4,19.3,35.868671,128.541502
372,국채보상로,서구 상중이동 44-71 (르노삼성) 부터,서구 상중이동 48-48 (섬유개발연구원) 까지,1.4,7.9,35.868662,128.541697
373,국채보상로,서구 상중이동 44-71 (르노삼성) 부터,서구 상중이동 48-48 (섬유개발연구원) 까지,1.4,9.9,35.868639,128.54185
374,국채보상로,서구 상중이동 44-71 (르노삼성) 부터,서구 상중이동 48-48 (섬유개발연구원) 까지,1.4,11.3,35.86868,128.541956
375,국채보상로,서구 상중이동 44-71 (르노삼성) 부터,서구 상중이동 48-48 (섬유개발연구원) 까지,1.4,8.9,35.86867,128.542079
376,국채보상로,서구 상중이동 44-71 (르노삼성) 부터,서구 상중이동 48-48 (섬유개발연구원) 까지,1.4,11.8,35.868682,128.542225
377,국채보상로,서구 상중이동 44-71 (르노삼성) 부터,서구 상중이동 48-48 (섬유개발연구원) 까지,1.4,9.25,35.868701,128.542494
378,국채보상로,서구 상중이동 44-71 (르노삼성) 부터,서구 상중이동 48-48 (섬유개발연구원) 까지,1.4,22.1,35.868706,128.542991
379,국채보상로,서구 상중이동 44-71 (르노삼성) 부터,서구 상중이동 48-48 (섬유개발연구원) 까지,1.4,7.85,35.868734,128.543237
380,국채보상로,서구 상중이동 44-71 (르노삼성) 부터,서구 상중이동 48-48 (섬유개발연구원) 까지,1.4,6.2,35.868704,128.543581
381,국채보상로,서구 상중이동 44-71 (르노삼성) 부터,서구 상중이동 48-48 (섬유개발연구원) 까지,1.4,20.45,35.868746,128.543779
382,국채보상로,서구 상중이동 44-71 (르노삼성) 부터,서구 상중이동 48-48 (섬유개발연구원) 까지,1.4,7.4,35.86875,128.544134
383,국채보상로,서구 상중이동 44-71 (르노삼성) 부터,서구 상중이동 48-48 (섬유개발연구원) 까지,1.4,13.3,35.868749,128.544157
384,국채보상로,서구 상중이동 44-71 (르노삼성) 부터,서구 상중이동 48-48 (섬유개발연구원) 까지,1.4,8.7,35.86877,128.544867
385,국채보상로,서구 상중이동 44-71 (르노삼성) 부터,서구 상중이동 48-48 (섬유개발연구원) 까지,1.4,19,35.868796,128.54509
386,국채보상로,서구 상중이동 44-71 (르노삼성) 부터,서구 상중이동 48-48 (섬유개발연구원) 까지,1.4,17,35.868802,128.545171
387,국채보상로,서구 상중이동 44-71 (르노삼성) 부터,서구 상중이동 48-48 (섬유개발연구원) 까지,1.4,15.2,35.868796,128.545337
388,국채보상로,서구 상중이동 44-71 (르노삼성) 부터,서구 상중이동 48-48 (섬유개발연구원) 까지,1.4,8.5,35.868581,128.545793
389,국채보상로,서구 상중이동 44-71 (르노삼성) 부터,서구 상중이동 48-48 (섬유개발연구원) 까지,1.4,19.4,35.868808,128.546287
390,국채보상로,서구 상중이동 44-71 (르노삼성) 부터,서구 상중이동 48-48 (섬유개발연구원) 까지,1.4,19.4,35.868814,128.546452
391,국채보상로,서구 상중이동 121 (롯데캐슬) 부터,평리4동 1400-6(국민은행) 까지,1.4,50.3,35.868751,128.547001
392,국채보상로,서구 상중이동 121 (롯데캐슬) 부터,평리4동 1400-6(국민은행) 까지,1.4,26,35.868926,128.547385
393,국채보상로,서구 상중이동 121 (롯데캐슬) 부터,평리4동 1400-6(국민은행) 까지,1.4,48.7,35.869043,128.547946
394,국채보상로,서구 상중이동 121 (롯데캐슬) 부터,평리4동 1400-6(국민은행) 까지,1.4,16,35.869241,128.548936
395,국채보상로,평리동 국채보상로228 (롯데하이마트) 부터,서구 국채보상로 356 (기아자동차) 까지,1.4,9.9,35.870529,128.555972
396,국채보상로,평리동 국채보상로228 (롯데하이마트) 부터,서구 국채보상로 356 (기아자동차) 까지,1.4,19.5,35.870618,128.556459
397,국채보상로,평리동 국채보상로228 (롯데하이마트) 부터,서구 국채보상로 356 (기아자동차) 까지,1.4,11,35.870852,128.557559
398,국채보상로,평리동 국채보상로228 (롯데하이마트) 부터,서구 국채보상로 356 (기아자동차) 까지,1.4,12.5,35.871115,128.55889
399,국채보상로,평리동 국채보상로228 (롯데하이마트) 부터,서구 국채보상로 356 (기아자동차) 까지,1.4,14.8,35.871157,128.559014
400,국채보상로,평리동 국채보상로228 (롯데하이마트) 부터,서구 국채보상로 356 (기아자동차) 까지,1.4,12.7,35.871274,128.559876
401,국채보상로,평리동 국채보상로228 (롯데하이마트) 부터,서구 국채보상로 356 (기아자동차) 까지,1.4,10,35.871377,128.560583
402,국채보상로,평리동 국채보상로228 (롯데하이마트) 부터,서구 국채보상로 356 (기아자동차) 까지,1.4,9,35.87143,128.560725
403,국채보상로,평리동 국채보상로228 (롯데하이마트) 부터,서구 국채보상로 356 (기아자동차) 까지,1.4,4.8,35.871451,128.560745
404,국채보상로,평리동 국채보상로228 (롯데하이마트) 부터,서구 국채보상로 356 (기아자동차) 까지,1.4,10.7,35.871487,128.560837
405,국채보상로,평리동 국채보상로228 (롯데하이마트) 부터,서구 국채보상로 356 (기아자동차) 까지,1.4,4.2,35.871489,128.56102
406,국채보상로,평리동 국채보상로228 (롯데하이마트) 부터,서구 국채보상로 356 (기아자동차) 까지,1.4,3.5,35.871515,128.561067
407,국채보상로,평리동 국채보상로228 (롯데하이마트) 부터,서구 국채보상로 356 (기아자동차) 까지,1.4,5,35.87154,128.561202
408,국채보상로,평리동 국채보상로228 (롯데하이마트) 부터,서구 국채보상로 356 (기아자동차) 까지,1.4,4.8,35.871582,128.561438
409,국채보상로,평리동 국채보상로228 (롯데하이마트) 부터,서구 국채보상로 356 (기아자동차) 까지,1.4,11.8,35.871613,128.561571
410,국채보상로,평리동 국채보상로228 (롯데하이마트) 부터,서구 국채보상로 356 (기아자동차) 까지,1.4,4,35.871638,128.561651
411,국채보상로,평리동 국채보상로228 (롯데하이마트) 부터,서구 국채보상로 356 (기아자동차) 까지,1.4,9,35.871667,128.561752
412,국채보상로,평리동 국채보상로228 (롯데하이마트) 부터,서구 국채보상로 356 (기아자동차) 까지,1.4,9.8,35.871691,128.561829
413,국채보상로,평리동 국채보상로228 (롯데하이마트) 부터,서구 국채보상로 356 (기아자동차) 까지,1.4,4.7,35.871692,128.561844
414,국채보상로,평리동 국채보상로228 (롯데하이마트) 부터,서구 국채보상로 356 (기아자동차) 까지,1.4,5.9,35.871708,128.561723
415,국채보상로,평리동 국채보상로228 (롯데하이마트) 부터,서구 국채보상로 356 (기아자동차) 까지,1.4,9.2,35.871739,128.562155
416,국채보상로,평리동 국채보상로228 (롯데하이마트) 부터,서구 국채보상로 356 (기아자동차) 까지,1.4,5.9,35.871739,128.562155
417,국채보상로,평리동 국채보상로228 (롯데하이마트) 부터,서구 국채보상로 356 (기아자동차) 까지,1.4,6.8,35.871769,128.562422
418,국채보상로,평리동 국채보상로228 (롯데하이마트) 부터,서구 국채보상로 356 (기아자동차) 까지,1.4,7.3,35.87181,128.562596
419,국채보상로,평리동 국채보상로228 (롯데하이마트) 부터,서구 국채보상로 356 (기아자동차) 까지,1.4,5.2,35.871903,128.564294
420,국채보상로,평리동 국채보상로228 (롯데하이마트) 부터,서구 국채보상로 356 (기아자동차) 까지,1.4,4.6,35.871902,128.564326
421,국채보상로,평리동 국채보상로228 (롯데하이마트) 부터,서구 국채보상로 356 (기아자동차) 까지,1.4,6,35.871898,128.564369
422,국채보상로,평리동 국채보상로228 (롯데하이마트) 부터,서구 국채보상로 356 (기아자동차) 까지,1.4,12.6,35.871885,128.564822
423,국채보상로,평리동 국채보상로228 (롯데하이마트) 부터,서구 국채보상로 356 (기아자동차) 까지,1.4,13.9,35.871917,128.564982
424,국채보상로,평리동 국채보상로228 (롯데하이마트) 부터,서구 국채보상로 356 (기아자동차) 까지,1.4,8.3,35.871947,128.565736
425,국채보상로,평리동 국채보상로228 (롯데하이마트) 부터,서구 국채보상로 356 (기아자동차) 까지,1.4,6,35.871961,128.565785
426,국채보상로,평리동 국채보상로228 (롯데하이마트) 부터,서구 국채보상로 356 (기아자동차) 까지,1.4,4.4,35.871974,128.56584
427,국채보상로,평리동 국채보상로228 (롯데하이마트) 부터,서구 국채보상로 356 (기아자동차) 까지,1.4,7.8,35.871983,128.565967
428,국채보상로,평리동 국채보상로228 (롯데하이마트) 부터,서구 국채보상로 356 (기아자동차) 까지,1.4,4.8,35.841987,128.56608
429,국채보상로,평리동 국채보상로228 (롯데하이마트) 부터,서구 국채보상로 356 (기아자동차) 까지,1.4,4.5,35.871993,128.566137
430,국채보상로,평리동 국채보상로228 (롯데하이마트) 부터,서구 국채보상로 356 (기아자동차) 까지,1.4,8.3,35.871992,128.566204
431,국채보상로,평리동 국채보상로228 (롯데하이마트) 부터,서구 국채보상로 356 (기아자동차) 까지,1.4,6.3,35.871997,128.566302
432,국채보상로,평리동 국채보상로228 (롯데하이마트) 부터,서구 국채보상로 356 (기아자동차) 까지,1.4,12.3,35.872011,128.566415
433,국채보상로,평리동 국채보상로228 (롯데하이마트) 부터,서구 국채보상로 356 (기아자동차) 까지,1.4,8.2,35.872004,128.566597
434,국채보상로,평리동 국채보상로228 (롯데하이마트) 부터,서구 국채보상로 356 (기아자동차) 까지,1.4,6.4,35.872008,128.566713
435,국채보상로,평리동 국채보상로228 (롯데하이마트) 부터,서구 국채보상로 356 (기아자동차) 까지,1.4,6.2,35.872023,128.566775
436,국채보상로,평리동 국채보상로228 (롯데하이마트) 부터,서구 국채보상로 356 (기아자동차) 까지,1.4,7.3,35.87201,128.566871
437,국채보상로,평리동 국채보상로228 (롯데하이마트) 부터,서구 국채보상로 356 (기아자동차) 까지,1.4,4.2,35.872021,128.567
438,국채보상로,평리동 국채보상로228 (롯데하이마트) 부터,서구 국채보상로 356 (기아자동차) 까지,1.4,19.5,35.872031,128.567542
439,국채보상로,평리동 국채보상로228 (롯데하이마트) 부터,서구 국채보상로 356 (기아자동차) 까지,1.4,12,35.872017,128.568141
440,국채보상로,평리동 국채보상로228 (롯데하이마트) 부터,서구 국채보상로 356 (기아자동차) 까지,1.4,4.4,35.87204,128.568526
441,국채보상로,평리동 국채보상로228 (롯데하이마트) 부터,서구 국채보상로 356 (기아자동차) 까지,1.4,7.3,35.872077,128.5686
442,국채보상로,평리동 국채보상로228 (롯데하이마트) 부터,서구 국채보상로 356 (기아자동차) 까지,1.4,7.8,35.872095,128.568743
443,국채보상로,평리동 국채보상로228 (롯데하이마트) 부터,서구 국채보상로 356 (기아자동차) 까지,1.4,8.9,35.872115,128.569084
444,국채보상로,평리동 국채보상로228 (롯데하이마트) 부터,서구 국채보상로 356 (기아자동차) 까지,1.4,3.6,35.872123,128.569198
445,국채보상로,평리동 국채보상로228 (롯데하이마트) 부터,서구 국채보상로 356 (기아자동차) 까지,1.4,8.7,35.872121,128.56947
446,국채보상로,평리동 국채보상로228 (롯데하이마트) 부터,서구 국채보상로 356 (기아자동차) 까지,1.4,6.8,35.872125,128.569506
447,국채보상로,평리동 국채보상로228 (롯데하이마트) 부터,서구 국채보상로 356 (기아자동차) 까지,1.4,5.6,35.872139,128.569649
448,국채보상로,평리동 국채보상로228 (롯데하이마트) 부터,서구 국채보상로 356 (기아자동차) 까지,1.4,3.9,35.872142,128.569696
449,국채보상로,평리동 국채보상로228 (롯데하이마트) 부터,서구 국채보상로 356 (기아자동차) 까지,1.4,3,35.872146,128.569754
450,국채보상로,평리동 국채보상로228 (롯데하이마트) 부터,서구 국채보상로 356 (기아자동차) 까지,1.4,3.3,35.872154,128.569874
451,국채보상로,평리동 국채보상로228 (롯데하이마트) 부터,서구 국채보상로 356 (기아자동차) 까지,1.4,4.6,35.872163,128.569967
452,국채보상로,서구 비산동 388-38 (천사효도마을) 부터,평리동 811-9번지 (KR꼬부리주변) 까지,1.4,8.9,35.872352,128.571012
453,국채보상로,서구 비산동 388-38 (천사효도마을) 부터,평리동 811-9번지 (KR꼬부리주변) 까지,1.4,5.1,35.872341,128.570658
454,국채보상로,서구 비산동 388-38 (천사효도마을) 부터,평리동 811-9번지 (KR꼬부리주변) 까지,1.4,8.5,35.872314,128.570547
455,국채보상로,서구 비산동 388-38 (천사효도마을) 부터,평리동 811-9번지 (KR꼬부리주변) 까지,1.4,10.7,35.872351,128.569361
456,국채보상로,서구 비산동 388-38 (천사효도마을) 부터,평리동 811-9번지 (KR꼬부리주변) 까지,1.4,7,35.872276,128.569236
457,국채보상로,서구 비산동 388-38 (천사효도마을) 부터,평리동 811-9번지 (KR꼬부리주변) 까지,1.4,6.4,35.872225,128.567566
458,국채보상로,서구 비산동 388-38 (천사효도마을) 부터,평리동 811-9번지 (KR꼬부리주변) 까지,1.4,6.7,35.872189,128.567458
459,국채보상로,서구 비산동 388-38 (천사효도마을) 부터,평리동 811-9번지 (KR꼬부리주변) 까지,1.4,8.3,35.872199,128.566894
460,국채보상로,서구 비산동 388-38 (천사효도마을) 부터,평리동 811-9번지 (KR꼬부리주변) 까지,1.4,9.9,35.872165,128.566748
461,국채보상로,서구 비산동 388-38 (천사효도마을) 부터,평리동 811-9번지 (KR꼬부리주변) 까지,1.4,8.9,35.872143,128.566305
462,국채보상로,서구 비산동 388-38 (천사효도마을) 부터,평리동 811-9번지 (KR꼬부리주변) 까지,1.4,9.6,35.872118,128.566164
463,국채보상로,평리동 1617-17 (서구청주변) 부터,평리동 1092-12 (고기굽는남자) 까지,1.4,32,35.8711056,128.5580576
464,국채보상로,평리동 1617-17 (서구청주변) 부터,평리동 1092-12 (고기굽는남자) 까지,1.4,15,35.8709719,128.5573058
465,국채보상로,평리동 1617-17 (서구청주변) 부터,평리동 1092-12 (고기굽는남자) 까지,1.4,5.9,35.8709233,128.5571039
466,국채보상로,평리동 1617-17 (서구청주변) 부터,평리동 1092-12 (고기굽는남자) 까지,1.4,12.2,35.8709026,128.569417
467,국채보상로,평리동 1617-17 (서구청주변) 부터,평리동 1092-12 (고기굽는남자) 까지,1.4,15.9,35.8708276,128.5565863
468,국채보상로,평리동 1617-17 (서구청주변) 부터,평리동 1092-12 (고기굽는남자) 까지,1.4,15.8,35.8707304,128.5560502
469,국채보상로,상중이동 48-46 (중리초주변) 부터,이현동 국채보상로71 (타이어뱅크 서대구점) 까지,1.4,39,35.869155,128.546295
470,국채보상로,상중이동 48-46 (중리초주변) 부터,이현동 국채보상로71 (타이어뱅크 서대구점) 까지,1.4,9,35.868986,128.5458
471,국채보상로,상중이동 48-46 (중리초주변) 부터,이현동 국채보상로71 (타이어뱅크 서대구점) 까지,1.4,35.5,35.869004,128.545438
472,국채보상로,상중이동 48-46 (중리초주변) 부터,이현동 국채보상로71 (타이어뱅크 서대구점) 까지,1.4,71.8,35.8689004,128.54473
473,국채보상로,상중이동 48-46 (중리초주변) 부터,이현동 국채보상로71 (타이어뱅크 서대구점) 까지,1.4,13,35.868905,128.543645
474,국채보상로,상중이동 48-46 (중리초주변) 부터,이현동 국채보상로71 (타이어뱅크 서대구점) 까지,1.4,23,35.868881,128.543195
475,국채보상로,상중이동 48-46 (중리초주변) 부터,이현동 국채보상로71 (타이어뱅크 서대구점) 까지,1.4,9.8,35.868862,128.542839
476,국채보상로,상중이동 48-46 (중리초주변) 부터,이현동 국채보상로71 (타이어뱅크 서대구점) 까지,1.4,10,35.868863,128.542735
477,국채보상로,상중이동 48-46 (중리초주변) 부터,이현동 국채보상로71 (타이어뱅크 서대구점) 까지,1.4,6,35.868852,128.542617
478,국채보상로,상중이동 48-46 (중리초주변) 부터,이현동 국채보상로71 (타이어뱅크 서대구점) 까지,1.4,6,35.868844,128.542349
479,국채보상로,상중이동 48-46 (중리초주변) 부터,이현동 국채보상로71 (타이어뱅크 서대구점) 까지,1.4,8,35.86884,128.542091
480,국채보상로,상중이동 48-46 (중리초주변) 부터,이현동 국채보상로71 (타이어뱅크 서대구점) 까지,1.4,23.2,35.868821,128.54175
481,국채보상로,상중이동 48-46 (중리초주변) 부터,이현동 국채보상로71 (타이어뱅크 서대구점) 까지,1.4,51.4,35.868802,128.541266
482,국채보상로,상중이동 48-46 (중리초주변) 부터,이현동 국채보상로71 (타이어뱅크 서대구점) 까지,1.4,32,35.868792,128.540642
483,국채보상로,상중이동 48-46 (중리초주변) 부터,이현동 국채보상로71 (타이어뱅크 서대구점) 까지,1.4,22.9,35.868794,128.540084
484,국채보상로,상중이동 48-46 (중리초주변) 부터,이현동 국채보상로71 (타이어뱅크 서대구점) 까지,1.4,29.2,35.868786,128.539606
485,국채보상로,상중이동 48-46 (중리초주변) 부터,이현동 국채보상로71 (타이어뱅크 서대구점) 까지,1.4,21,35.868775,128.539336
486,국채보상로,상중이동 48-46 (중리초주변) 부터,이현동 국채보상로71 (타이어뱅크 서대구점) 까지,1.4,7.4,35.868767,128.53911
487,국채보상로,상중이동 48-46 (중리초주변) 부터,이현동 국채보상로71 (타이어뱅크 서대구점) 까지,1.4,80.2,35.868742,128.538529
488,당산로,서구 이현동 산2-10 (그린웨이주변) 부터,이현동 48-46 (중리초주변) 까지,1.4,114,35.878446,128.547032
489,당산로,서구 이현동 산2-10 (그린웨이주변) 부터,이현동 48-46 (중리초주변) 까지,1.4,48,35.877237,128.547007
490,당산로,서구 이현동 산2-10 (그린웨이주변) 부터,이현동 48-46 (중리초주변) 까지,1.4,24,35.876691,128.546925
491,당산로,서구 이현동 산2-10 (그린웨이주변) 부터,이현동 48-46 (중리초주변) 까지,1.4,9,35.876522,128.546917
492,당산로,서구 이현동 산2-10 (그린웨이주변) 부터,이현동 48-46 (중리초주변) 까지,1.4,7,35.876404,128.546885
493,당산로,서구 이현동 산2-10 (그린웨이주변) 부터,이현동 48-46 (중리초주변) 까지,1.4,13,35.87621,128.546933
494,당산로,서구 이현동 산2-10 (그린웨이주변) 부터,이현동 48-46 (중리초주변) 까지,1.4,23,35.876115,128.546866
495,당산로,서구 이현동 산2-10 (그린웨이주변) 부터,이현동 48-46 (중리초주변) 까지,1.4,11,35.875829,128.546859
496,당산로,서구 이현동 산2-10 (그린웨이주변) 부터,이현동 48-46 (중리초주변) 까지,1.4,22,35.875711,128.546849
497,당산로,서구 이현동 산2-10 (그린웨이주변) 부터,이현동 48-46 (중리초주변) 까지,1.4,10,35.875474,128.546837
498,당산로,서구 이현동 산2-10 (그린웨이주변) 부터,이현동 48-46 (중리초주변) 까지,1.4,31,35.875209,128.546862
499,당산로,서구 이현동 산2-10 (그린웨이주변) 부터,이현동 48-46 (중리초주변) 까지,1.4,19,35.874858,128.546947
500,당산로,서구 이현동 산2-10 (그린웨이주변) 부터,이현동 48-46 (중리초주변) 까지,1.4,27,35.874451,128.546947
501,당산로,서구 이현동 산2-10 (그린웨이주변) 부터,이현동 48-46 (중리초주변) 까지,1.4,10,35.874191,128.546531
502,당산로,서구 이현동 산2-10 (그린웨이주변) 부터,이현동 48-46 (중리초주변) 까지,1.4,6,35.873814,128.546716
503,당산로,서구 이현동 산2-10 (그린웨이주변) 부터,이현동 48-46 (중리초주변) 까지,1.4,23,35.873718,128.546696
504,당산로,서구 이현동 산2-10 (그린웨이주변) 부터,이현동 48-46 (중리초주변) 까지,1.4,10,35.873503,128.546671
505,당산로,서구 이현동 산2-10 (그린웨이주변) 부터,이현동 48-46 (중리초주변) 까지,1.4,23,35.873387,128.546732
506,당산로,서구 이현동 산2-10 (그린웨이주변) 부터,이현동 48-46 (중리초주변) 까지,1.4,21,35.873133,128.546701
507,당산로,서구 이현동 산2-10 (그린웨이주변) 부터,이현동 48-46 (중리초주변) 까지,1.4,12,35.872938,128.546684
508,당산로,서구 이현동 산2-10 (그린웨이주변) 부터,이현동 48-46 (중리초주변) 까지,1.4,13,35.871998,128.54666
509,당산로,서구 이현동 산2-10 (그린웨이주변) 부터,이현동 48-46 (중리초주변) 까지,1.4,9,35.871874,128.546621
510,당산로,서구 이현동 산2-10 (그린웨이주변) 부터,이현동 48-46 (중리초주변) 까지,1.4,15,35.871781,128.546631
511,당산로,서구 이현동 산2-10 (그린웨이주변) 부터,이현동 48-46 (중리초주변) 까지,1.4,19,35.871527,128.546667
512,당산로,서구 이현동 산2-10 (그린웨이주변) 부터,이현동 48-46 (중리초주변) 까지,1.4,13,35.871162,128.546612
513,당산로,서구 이현동 산2-10 (그린웨이주변) 부터,이현동 48-46 (중리초주변) 까지,1.4,39,35.870873,128.546609
514,당산로,서구 이현동 산2-10 (그린웨이주변) 부터,이현동 48-46 (중리초주변) 까지,1.4,12,35.870484,128.546611
515,당산로,서구 이현동 산2-10 (그린웨이주변) 부터,이현동 48-46 (중리초주변) 까지,1.4,12,35.870291,128.546593
516,당산로,서구 이현동 산2-10 (그린웨이주변) 부터,이현동 48-46 (중리초주변) 까지,1.4,91,35.870118,128.546559
517,당산로,대구광역시 서구 중리동 1136-110(퀸스로드광장)부터,국채보상로 136(한국섬유개발원)까지,1.4,9,35.861403,128.546041
518,당산로,대구광역시 서구 중리동 1136-110(퀸스로드광장)부터,국채보상로 136(한국섬유개발원)까지,1.4,6,35.861491,128.546029
519,당산로,대구광역시 서구 중리동 1136-110(퀸스로드광장)부터,국채보상로 136(한국섬유개발원)까지,1.4,23,35.861713,128.546067
520,당산로,대구광역시 서구 중리동 1136-110(퀸스로드광장)부터,국채보상로 136(한국섬유개발원)까지,1.4,3,35.861775,128.546065
521,당산로,대구광역시 서구 중리동 1136-110(퀸스로드광장)부터,국채보상로 136(한국섬유개발원)까지,1.4,23,35.861989,128.546089
522,당산로,대구광역시 서구 중리동 1136-110(퀸스로드광장)부터,국채보상로 136(한국섬유개발원)까지,1.4,12,35.862362,128.546133
523,당산로,대구광역시 서구 중리동 1136-110(퀸스로드광장)부터,국채보상로 136(한국섬유개발원)까지,1.4,6,35.862497,128.546146
524,당산로,대구광역시 서구 중리동 1136-110(퀸스로드광장)부터,국채보상로 136(한국섬유개발원)까지,1.4,5,35.862558,128.546118
525,당산로,대구광역시 서구 중리동 1136-110(퀸스로드광장)부터,국채보상로 136(한국섬유개발원)까지,1.4,33,35.862998,128.546106
526,당산로,대구광역시 서구 중리동 1136-110(퀸스로드광장)부터,국채보상로 136(한국섬유개발원)까지,1.4,24,35.863212,128.546131
527,당산로,대구광역시 서구 중리동 1136-110(퀸스로드광장)부터,국채보상로 136(한국섬유개발원)까지,1.4,33,35.863508,128.546114
528,당산로,대구광역시 서구 중리동 1136-110(퀸스로드광장)부터,국채보상로 136(한국섬유개발원)까지,1.4,23,35.863903,128.546195
529,당산로,대구광역시 서구 중리동 1136-110(퀸스로드광장)부터,국채보상로 136(한국섬유개발원)까지,1.4,24,35.864114,128.546203
530,당산로,대구광역시 서구 중리동 1136-110(퀸스로드광장)부터,국채보상로 136(한국섬유개발원)까지,1.4,15,35.86425,128.546211
531,당산로,대구광역시 서구 중리동 1136-110(퀸스로드광장)부터,국채보상로 136(한국섬유개발원)까지,1.4,25,35.864485,128.54623
532,당산로,대구광역시 서구 중리동 1136-110(퀸스로드광장)부터,국채보상로 136(한국섬유개발원)까지,1.4,21,35.86467,128.546217
533,당산로,대구광역시 서구 중리동 1136-110(퀸스로드광장)부터,국채보상로 136(한국섬유개발원)까지,1.4,26,35.864904,128.546225
534,당산로,대구광역시 서구 중리동 1136-110(퀸스로드광장)부터,국채보상로 136(한국섬유개발원)까지,1.4,12,35.865164,128.546244
535,당산로,대구광역시 서구 중리동 1136-110(퀸스로드광장)부터,국채보상로 136(한국섬유개발원)까지,1.4,18,35.865382,128.546234
536,당산로,대구광역시 서구 중리동 1136-110(퀸스로드광장)부터,국채보상로 136(한국섬유개발원)까지,1.4,5,35.865544,128.546314
537,당산로,대구광역시 서구 중리동 1136-110(퀸스로드광장)부터,국채보상로 136(한국섬유개발원)까지,1.4,27,35.865735,128.546346
538,당산로,대구광역시 서구 중리동 1136-110(퀸스로드광장)부터,국채보상로 136(한국섬유개발원)까지,1.4,22,35.865935,128.546324
539,당산로,대구광역시 서구 중리동 1136-110(퀸스로드광장)부터,국채보상로 136(한국섬유개발원)까지,1.4,15,35.86627,128.546321
540,당산로,대구광역시 서구 중리동 1136-110(퀸스로드광장)부터,국채보상로 136(한국섬유개발원)까지,1.4,24,35.86651,128.546351
541,당산로,대구광역시 서구 중리동 1136-110(퀸스로드광장)부터,국채보상로 136(한국섬유개발원)까지,1.4,2,35.866527,128.546362
542,당산로,대구광역시 서구 중리동 1136-110(퀸스로드광장)부터,국채보상로 136(한국섬유개발원)까지,1.4,9,35.866623,128.546313
543,당산로,대구광역시 서구 중리동 1136-110(퀸스로드광장)부터,국채보상로 136(한국섬유개발원)까지,1.4,30,35.866901,128.546361
544,당산로,대구광역시 서구 중리동 1136-110(퀸스로드광장)부터,국채보상로 136(한국섬유개발원)까지,1.4,32,35.867184,128.546436
545,당산로,대구광역시 서구 중리동 1136-110(퀸스로드광장)부터,국채보상로 136(한국섬유개발원)까지,1.4,2,35.867361,128.546394
546,당산로,대구광역시 서구 중리동 1136-110(퀸스로드광장)부터,국채보상로 136(한국섬유개발원)까지,1.4,8,35.867437,128.546415
547,당산로,대구광역시 서구 중리동 1136-110(퀸스로드광장)부터,국채보상로 136(한국섬유개발원)까지,1.4,23,35.867656,128.54639
548,당산로,대구광역시 서구 중리동 1136-110(퀸스로드광장)부터,국채보상로 136(한국섬유개발원)까지,1.4,7,35.867729,128.546319
549,당산로,대구광역시 서구 중리동 1136-110(퀸스로드광장)부터,국채보상로 136(한국섬유개발원)까지,1.4,9,35.867842,128.546313
550,당산로,대구광역시 서구 중리동 1136-110(퀸스로드광장)부터,국채보상로 136(한국섬유개발원)까지,1.4,7,35.867903,128.546332
551,당산로,대구광역시 서구 중리동 1136-110(퀸스로드광장)부터,국채보상로 136(한국섬유개발원)까지,1.4,7,35.868011,128.546337
552,당산로,대구광역시 서구 중리동 1136-110(퀸스로드광장)부터,국채보상로 136(한국섬유개발원)까지,1.4,7,35.868131,128.54643
553,당산로,대구광역시 서구 중리동 1136-110(퀸스로드광장)부터,국채보상로 136(한국섬유개발원)까지,1.4,12,35.8683,128.546449
554,당산로,대구광역시 서구 중리동 1136-110(퀸스로드광장)부터,국채보상로 136(한국섬유개발원)까지,1.4,7,35.868372,128.546499
555,당산로,대구광역시 서구 중리동 1136-110(퀸스로드광장)부터,국채보상로 136(한국섬유개발원)까지,1.4,10,35.868517,128.546423
556,당산로,대구광역시 서구 중리동 1136-110(퀸스로드광장)부터,국채보상로 136(한국섬유개발원)까지,1.4,13,35.868636,128.546486
557,당산로,국채보상로34길 12(중리롯데캐슬)부터,국채보상로34길 12(중리롯데캐슬)까지(감삼역방향),1.4,40,35.868476,128.546718
558,당산로,국채보상로34길 12(중리롯데캐슬)부터,국채보상로34길 12(중리롯데캐슬)까지(감삼역방향),1.4,19,35.86823,128.54668
559,당산로,국채보상로34길 12(중리롯데캐슬)부터,국채보상로34길 12(중리롯데캐슬)까지(감삼역방향),1.4,29,35.867903,128.546693
560,당산로,국채보상로34길 12(중리롯데캐슬)부터,국채보상로34길 12(중리롯데캐슬)까지(감삼역방향),1.4,24,35.867636,128.546715
561,당산로,국채보상로34길 12(중리롯데캐슬)부터,국채보상로34길 12(중리롯데캐슬)까지(감삼역방향),1.4,31,35.86731,128.546607
562,당산로,국채보상로34길 12(중리롯데캐슬)부터,국채보상로34길 12(중리롯데캐슬)까지(감삼역방향),1.4,28,35.867016,128.546575
563,당산로,국채보상로34길 12(중리롯데캐슬)부터,국채보상로34길 12(중리롯데캐슬)까지(감삼역방향),1.4,17,35.866848,128.546559
564,당산로,국채보상로34길 12(중리롯데캐슬)부터,국채보상로34길 12(중리롯데캐슬)까지(감삼역방향),1.4,25,35.866572,128.54663
565,당산로,국채보상로34길 12(중리롯데캐슬)부터,국채보상로34길 12(중리롯데캐슬)까지(감삼역방향),1.4,17,35.866379,128.546637
566,당산로,국채보상로34길 12(중리롯데캐슬)부터,국채보상로34길 12(중리롯데캐슬)까지(감삼역방향),1.4,35,35.866004,128.54654
567,당산로,국채보상로34길 12(중리롯데캐슬)부터,국채보상로34길 12(중리롯데캐슬)까지(감삼역방향),1.4,11,35.865879,128.546548
568,당산로,국채보상로34길 12(중리롯데캐슬)부터,국채보상로34길 12(중리롯데캐슬)까지(감삼역방향),1.4,35,35.86541,128.546485
569,감삼역 4번 출구(달구벌대로),대구 서구 달구벌대로 1669(풋마트 대구광장점) 부터,대구광역시 서구 달구벌대로 1743(내셔널지오그래픽 대구광장점) 까지,1,6,35.8547157,128.5486456
570,감삼역 4번 출구(달구벌대로),대구 서구 달구벌대로 1669(풋마트 대구광장점) 부터,대구광역시 서구 달구벌대로 1743(내셔널지오그래픽 대구광장점) 까지,1,10,35.8547864,128.5487971
571,감삼역 4번 출구(달구벌대로),대구 서구 달구벌대로 1669(풋마트 대구광장점) 부터,대구광역시 서구 달구벌대로 1743(내셔널지오그래픽 대구광장점) 까지,1,8,35.8548706,128.5490258
572,감삼역 4번 출구(달구벌대로),대구 서구 달구벌대로 1669(풋마트 대구광장점) 부터,대구광역시 서구 달구벌대로 1743(내셔널지오그래픽 대구광장점) 까지,1,9,35.8551114,128.5496243
573,감삼역 4번 출구(달구벌대로),대구 서구 달구벌대로 1669(풋마트 대구광장점) 부터,대구광역시 서구 달구벌대로 1743(내셔널지오그래픽 대구광장점) 까지,1,20,35.8551899,128.549919
574,감삼역 4번 출구(달구벌대로),대구 서구 달구벌대로 1669(풋마트 대구광장점) 부터,대구광역시 서구 달구벌대로 1743(내셔널지오그래픽 대구광장점) 까지,1,7,35.8555201,128.5508584
575,감삼역 4번 출구(달구벌대로),대구 서구 달구벌대로 1669(풋마트 대구광장점) 부터,대구광역시 서구 달구벌대로 1743(내셔널지오그래픽 대구광장점) 까지,1,7,35.8555527,128.5516084
576,감삼역 4번 출구(달구벌대로),대구 서구 달구벌대로 1669(풋마트 대구광장점) 부터,대구광역시 서구 달구벌대로 1743(내셔널지오그래픽 대구광장점) 까지,1,9,35.8558796,128.5516084
577,감삼역 4번 출구(달구벌대로),대구 서구 달구벌대로 1669(풋마트 대구광장점) 부터,대구광역시 서구 달구벌대로 1743(내셔널지오그래픽 대구광장점) 까지,1,6,35.8559133,128.5517546
578,감삼역 4번 출구(달구벌대로),대구 서구 달구벌대로 1669(풋마트 대구광장점) 부터,대구광역시 서구 달구벌대로 1743(내셔널지오그래픽 대구광장점) 까지,1,4,35.855991,128.5520001
579,감삼역 4번 출구(달구벌대로),대구 서구 달구벌대로 1669(풋마트 대구광장점) 부터,대구광역시 서구 달구벌대로 1743(내셔널지오그래픽 대구광장점) 까지,1,6,35.8560236,128.5520983
580,감삼역 4번 출구(달구벌대로),대구 서구 달구벌대로 1669(풋마트 대구광장점) 부터,대구광역시 서구 달구벌대로 1743(내셔널지오그래픽 대구광장점) 까지,1,4,35.8560459,128.5521633
581,감삼역 4번 출구(달구벌대로),대구 서구 달구벌대로 1669(풋마트 대구광장점) 부터,대구광역시 서구 달구벌대로 1743(내셔널지오그래픽 대구광장점) 까지,1,13,35.8562163,128.552573
582,감삼역 4번 출구(달구벌대로),대구 서구 달구벌대로 1669(풋마트 대구광장점) 부터,대구광역시 서구 달구벌대로 1743(내셔널지오그래픽 대구광장점) 까지,1,2,35.8564878,128.5532204
583,감삼역 4번 출구(달구벌대로),대구 서구 달구벌대로 1669(풋마트 대구광장점) 부터,대구광역시 서구 달구벌대로 1743(내셔널지오그래픽 대구광장점) 까지,1,5,35.8565117,128.5533539
584,감삼역 4번 출구(달구벌대로),대구 서구 달구벌대로 1669(풋마트 대구광장점) 부터,대구광역시 서구 달구벌대로 1743(내셔널지오그래픽 대구광장점) 까지,1,9,35.8574853,128.5556633
585,두류역 1번 출구,대구 서구 달구벌대로 1669(풋마트 대구광장점) 부터,대구광역시 서구 달구벌대로 1743(내셔널지오그래픽 대구광장점) 까지,1,6,35.8575584,128.5558192
586,두류역 17번 출구,대구광역시 서구 달구벌대로 1771(다정약국) 부터,대구광역시 서구 달구벌대로 1813(엔젤리너스 대구내당점) 까지,1,10,35.8585274,128.5588685
587,두류역 17번 출구,대구광역시 서구 달구벌대로 1771(다정약국) 부터,대구광역시 서구 달구벌대로 1813(엔젤리너스 대구내당점) 까지,1,9,35.8586317,128.5590821
588,두류역 17번 출구,대구광역시 서구 달구벌대로 1771(다정약국) 부터,대구광역시 서구 달구벌대로 1813(엔젤리너스 대구내당점) 까지,1,5,35.8587247,128.5593731
589,두류역 17번 출구,대구광역시 서구 달구벌대로 1771(다정약국) 부터,대구광역시 서구 달구벌대로 1813(엔젤리너스 대구내당점) 까지,1,9,35.8589208,128.5600614
590,두류역 17번 출구,대구광역시 서구 달구벌대로 1771(다정약국) 부터,대구광역시 서구 달구벌대로 1813(엔젤리너스 대구내당점) 까지,1,11,35.8590054,128.5601918
591,두류역 17번 출구,대구광역시 서구 달구벌대로 1771(다정약국) 부터,대구광역시 서구 달구벌대로 1813(엔젤리너스 대구내당점) 까지,1,14,35.8590768,128.5605633
592,두류역 17번 출구,대구광역시 서구 달구벌대로 1771(다정약국) 부터,대구광역시 서구 달구벌대로 1813(엔젤리너스 대구내당점) 까지,1,13,35.8591831,128.5608822
593,두류역 17번 출구,대구광역시 서구 달구벌대로 1771(다정약국) 부터,대구광역시 서구 달구벌대로 1813(엔젤리너스 대구내당점) 까지,1,18,35.8593268,128.5612014
594,두류역 17번 출구,대구광역시 서구 달구벌대로 1771(다정약국) 부터,대구광역시 서구 달구벌대로 1813(엔젤리너스 대구내당점) 까지,1,15,35.8594464,128.5615839
595,두류역 17번 출구,대구광역시 서구 달구벌대로 1771(다정약국) 부터,대구광역시 서구 달구벌대로 1813(엔젤리너스 대구내당점) 까지,1,8,35.8594833,128.5617891
596,두류역 17번 출구,대구광역시 서구 달구벌대로 1771(다정약국) 부터,대구광역시 서구 달구벌대로 1813(엔젤리너스 대구내당점) 까지,1,5,35.8597991,128.5627715
597,내당역 1번 출구,대구광역시 서구 달구벌대로 1771(다정약국) 부터,대구광역시 서구 달구벌대로 1813(엔젤리너스 대구내당점) 까지,1,16,35.859889,128.5631661
598,내당역 4번 출구,대구광역시 서구 달구벌대로 1833(SK엔크린 채움셀프주유소) 부터,대구광역시 서구 달구벌대로 1895(서대구영상의학과의원) 까지,1,15,35.8606297,128.5655097
599,내당역 4번 출구,대구광역시 서구 달구벌대로 1833(SK엔크린 채움셀프주유소) 부터,대구광역시 서구 달구벌대로 1895(서대구영상의학과의원) 까지,1,20,35.8607148,128.565864
600,내당역 4번 출구,대구광역시 서구 달구벌대로 1833(SK엔크린 채움셀프주유소) 부터,대구광역시 서구 달구벌대로 1895(서대구영상의학과의원) 까지,1,11,35.8608297,128.566316
601,내당역 4번 출구,대구광역시 서구 달구벌대로 1833(SK엔크린 채움셀프주유소) 부터,대구광역시 서구 달구벌대로 1895(서대구영상의학과의원) 까지,1,10,35.8609118,128.5666462
602,내당역 4번 출구,대구광역시 서구 달구벌대로 1833(SK엔크린 채움셀프주유소) 부터,대구광역시 서구 달구벌대로 1895(서대구영상의학과의원) 까지,1,16,35.8609618,128.5668813
603,내당역 4번 출구,대구광역시 서구 달구벌대로 1833(SK엔크린 채움셀프주유소) 부터,대구광역시 서구 달구벌대로 1895(서대구영상의학과의원) 까지,1,9,35.8610153,128.5671384
604,내당역 4번 출구,대구광역시 서구 달구벌대로 1833(SK엔크린 채움셀프주유소) 부터,대구광역시 서구 달구벌대로 1895(서대구영상의학과의원) 까지,1,26,35.8610816,128.567418
605,내당역 4번 출구,대구광역시 서구 달구벌대로 1833(SK엔크린 채움셀프주유소) 부터,대구광역시 서구 달구벌대로 1895(서대구영상의학과의원) 까지,1,25,35.8612267,128.5680316
606,내당역 4번 출구,대구광역시 서구 달구벌대로 1833(SK엔크린 채움셀프주유소) 부터,대구광역시 서구 달구벌대로 1895(서대구영상의학과의원) 까지,1,8,35.8613112,128.5684115
607,내당역 4번 출구,대구광역시 서구 달구벌대로 1833(SK엔크린 채움셀프주유소) 부터,대구광역시 서구 달구벌대로 1895(서대구영상의학과의원) 까지,1,2,35.8615204,128.5692044
608,내당역 4번 출구,대구광역시 서구 달구벌대로 1833(SK엔크린 채움셀프주유소) 부터,대구광역시 서구 달구벌대로 1895(서대구영상의학과의원) 까지,1,10,35.8615424,128.5693197
609,내당역 4번 출구,대구광역시 서구 달구벌대로 1833(SK엔크린 채움셀프주유소) 부터,대구광역시 서구 달구벌대로 1895(서대구영상의학과의원) 까지,1,26,35.8617332,128.5696691
610,내당역 4번 출구,대구광역시 서구 달구벌대로 1833(SK엔크린 채움셀프주유소) 부터,대구광역시 서구 달구벌대로 1895(서대구영상의학과의원) 까지,1,19,35.8617652,128.5700858
611,내당역 4번 출구,대구광역시 서구 달구벌대로 1833(SK엔크린 채움셀프주유소) 부터,대구광역시 서구 달구벌대로 1895(서대구영상의학과의원) 까지,1,19,35.8618188,128.5703108
612,내당역 4번 출구,대구광역시 서구 달구벌대로 1833(SK엔크린 채움셀프주유소) 부터,대구광역시 서구 달구벌대로 1895(서대구영상의학과의원) 까지,1,8,35.8618501,128.5704888
613,내당역 4번 출구,대구광역시 서구 달구벌대로 1833(SK엔크린 채움셀프주유소) 부터,대구광역시 서구 달구벌대로 1895(서대구영상의학과의원) 까지,1,11,35.8619161,128.570696
614,내당역 4번 출구,대구광역시 서구 달구벌대로 1833(SK엔크린 채움셀프주유소) 부터,대구광역시 서구 달구벌대로 1895(서대구영상의학과의원) 까지,1,15,35.8619775,128.5709817
615,내당역 4번 출구,대구광역시 서구 달구벌대로 1833(SK엔크린 채움셀프주유소) 부터,대구광역시 서구 달구벌대로 1895(서대구영상의학과의원) 까지,1,9,35.8620959,128.5713783
616,반고개역 4번 출구,대구광역시 서구 달구벌대로 1833(SK엔크린 채움셀프주유소) 부터,대구광역시 서구 달구벌대로 1895(서대구영상의학과의원) 까지,1,8,35.862156,128.5716341
617,만평네거리(서대구로),대구광역시 서구 서대구로 349(동덕한의원) 부터,대구광역시 서구 서대구로 321(성림중고신품타이어휠) 까지,1,15,35.8882059,128.5596457
618,만평네거리(서대구로),대구광역시 서구 서대구로 349(동덕한의원) 부터,대구광역시 서구 서대구로 321(성림중고신품타이어휠) 까지,1,11,35.8877658,128.5588299
619,만평네거리(서대구로),대구광역시 서구 서대구로 349(동덕한의원) 부터,대구광역시 서구 서대구로 321(성림중고신품타이어휠) 까지,1,19,35.8875173,128.5585098
620,만평네거리(서대구로),대구광역시 서구 서대구로 349(동덕한의원) 부터,대구광역시 서구 서대구로 321(성림중고신품타이어휠) 까지,1,6,35.8871115,128.5580226
621,만평네거리(서대구로),대구광역시 서구 서대구로 349(동덕한의원) 부터,대구광역시 서구 서대구로 321(성림중고신품타이어휠) 까지,1,25,35.886556,128.5576974
622,만평네거리(서대구로),대구광역시 서구 서대구로 349(동덕한의원) 부터,대구광역시 서구 서대구로 321(성림중고신품타이어휠) 까지,1,5,35.8863414,128.557578
623,만평네거리(서대구로),대구광역시 서구 서대구로 312(현대모비스 만경상사) 부터,대구광역시 서구 서대구로 366(광명건업)까지,1,12,35.8853964,128.5575405
624,만평네거리(서대구로),대구광역시 서구 서대구로 312(현대모비스 만경상사) 부터,대구광역시 서구 서대구로 366(광명건업)까지,1,12,35.8854648,128.5575851
625,만평네거리(서대구로),대구광역시 서구 서대구로 312(현대모비스 만경상사) 부터,대구광역시 서구 서대구로 366(광명건업)까지,1,7,35.8856963,128.5576515
626,만평네거리(서대구로),대구광역시 서구 서대구로 312(현대모비스 만경상사) 부터,대구광역시 서구 서대구로 366(광명건업)까지,1,7,35.8861303,128.5578801
627,만평네거리(서대구로),대구광역시 서구 서대구로 312(현대모비스 만경상사) 부터,대구광역시 서구 서대구로 366(광명건업)까지,1,18,35.8862613,128.5579043
628,만평네거리(서대구로),대구광역시 서구 서대구로 312(현대모비스 만경상사) 부터,대구광역시 서구 서대구로 366(광명건업)까지,1,6,35.8868273,128.5583203
629,만평네거리(서대구로),대구광역시 서구 서대구로 312(현대모비스 만경상사) 부터,대구광역시 서구 서대구로 366(광명건업)까지,1,8,35.8871742,128.5584997
630,만평네거리(서대구로),대구광역시 서구 서대구로 312(현대모비스 만경상사) 부터,대구광역시 서구 서대구로 366(광명건업)까지,1,7,35.8872535,128.558617
631,만평네거리(서대구로),대구광역시 서구 서대구로 312(현대모비스 만경상사) 부터,대구광역시 서구 서대구로 366(광명건업)까지,1,11,35.8873299,128.5586469
632,만평네거리(서대구로),대구광역시 서구 서대구로 312(현대모비스 만경상사) 부터,대구광역시 서구 서대구로 366(광명건업)까지,1,19,35.8874228,128.558728
633,만평네거리(서대구로),대구광역시 서구 서대구로 312(현대모비스 만경상사) 부터,대구광역시 서구 서대구로 366(광명건업)까지,1,12,35.8882634,128.5603048
634,만평네거리(서대구로),대구광역시 서구 서대구로 312(현대모비스 만경상사) 부터,대구광역시 서구 서대구로 366(광명건업)까지,1,4,35.8885375,128.5605007
635,만평네거리(서대구로),대구광역시 서구 서대구로 312(현대모비스 만경상사) 부터,대구광역시 서구 서대구로 366(광명건업)까지,1,10,35.8886244,128.5606927
636,만평네거리(서대구로),대구광역시 서구 서대구로 312(현대모비스 만경상사) 부터,대구광역시 서구 서대구로 366(광명건업)까지,1,15,35.8886538,128.5608245
637,만평네거리(서대구로),대구광역시 서구 서대구로 312(현대모비스 만경상사) 부터,대구광역시 서구 서대구로 366(광명건업)까지,1,6,35.8888369,128.5612225
638,평리네거리,대구광역시 서구 서대구로 227(현대오일뱅크 평리주유소) 부터,대구광역시 서구 서대구로 201(GS칼텍스 광명주유소) 까지,1,26,35.8785149,128.5547728
639,평리네거리,대구광역시 서구 서대구로 227(현대오일뱅크 평리주유소) 부터,대구광역시 서구 서대구로 201(GS칼텍스 광명주유소) 까지,1,3,35.878049,128.5547577
640,평리네거리,대구광역시 서구 서대구로 227(현대오일뱅크 평리주유소) 부터,대구광역시 서구 서대구로 201(GS칼텍스 광명주유소) 까지,1,8,35.8779703,128.5547359
641,평리네거리,대구광역시 서구 서대구로 227(현대오일뱅크 평리주유소) 부터,대구광역시 서구 서대구로 201(GS칼텍스 광명주유소) 까지,1,16,35.8772446,128.5547674
642,평리네거리,대구광역시 서구 서대구로 227(현대오일뱅크 평리주유소) 부터,대구광역시 서구 서대구로 201(GS칼텍스 광명주유소) 까지,1,9,35.8770246,128.5547691
643,평리네거리,대구광역시 서구 서대구로 227(현대오일뱅크 평리주유소) 부터,대구광역시 서구 서대구로 201(GS칼텍스 광명주유소) 까지,1,10,35.876553,128.5547667
644,평리네거리,대구광역시 서구 서대구로 227(현대오일뱅크 평리주유소) 부터,대구광역시 서구 서대구로 201(GS칼텍스 광명주유소) 까지,1,5,35.8763726,128.5546511
645,평리네거리,대구광역시 서구 서대구로 227(현대오일뱅크 평리주유소) 부터,대구광역시 서구 서대구로 201(GS칼텍스 광명주유소) 까지,1,11,35.8761927,128.5547651
646,평리네거리,대구광역시 서구 서대구로 200(유진장목욕탕모텔) 부터,대구광역시 서구 서대구로 232 1층(미아름다운한복) 까지,1,17,35.8757991,128.5551191
647,평리네거리,대구광역시 서구 서대구로 200(유진장목욕탕모텔) 부터,대구광역시 서구 서대구로 232 1층(미아름다운한복) 까지,1,11,35.8760311,128.5550936
648,평리네거리,대구광역시 서구 서대구로 200(유진장목욕탕모텔) 부터,대구광역시 서구 서대구로 232 1층(미아름다운한복) 까지,1,23,35.8762634,128.555105
649,평리네거리,대구광역시 서구 서대구로 200(유진장목욕탕모텔) 부터,대구광역시 서구 서대구로 232 1층(미아름다운한복) 까지,1,10,35.8766008,128.5550842
650,평리네거리,대구광역시 서구 서대구로 200(유진장목욕탕모텔) 부터,대구광역시 서구 서대구로 232 1층(미아름다운한복) 까지,1,17,35.8774462,128.5551339
651,평리네거리,대구광역시 서구 서대구로 200(유진장목욕탕모텔) 부터,대구광역시 서구 서대구로 232 1층(미아름다운한복) 까지,1,10,35.8778831,128.5549977
652,평리네거리,대구광역시 서구 서대구로 200(유진장목욕탕모텔) 부터,대구광역시 서구 서대구로 232 1층(미아름다운한복) 까지,1,12,35.878077,128.5550987
653,평리네거리,대구광역시 서구 서대구로 200(유진장목욕탕모텔) 부터,대구광역시 서구 서대구로 232 1층(미아름다운한복) 까지,1,9,35.8782954,128.5551262
654,평리네거리,대구광역시 서구 서대구로 200(유진장목욕탕모텔) 부터,대구광역시 서구 서대구로 232 1층(미아름다운한복) 까지,1,11,35.8785114,128.5551476
655,평리광명네거리,대구광역시 서구 서대구로 175(남산건강원) 부터,대구광역시 서구 서대구로 149(쉐보레 평리전시장) 까지,1,14,35.8736773,128.5548063
656,평리광명네거리,대구광역시 서구 서대구로 175(남산건강원) 부터,대구광역시 서구 서대구로 149(쉐보레 평리전시장) 까지,1,9,35.8734143,128.5547858
657,평리광명네거리,대구광역시 서구 서대구로 175(남산건강원) 부터,대구광역시 서구 서대구로 149(쉐보레 평리전시장) 까지,1,13,35.8727506,128.5547889
658,평리광명네거리,대구광역시 서구 서대구로 175(남산건강원) 부터,대구광역시 서구 서대구로 149(쉐보레 평리전시장) 까지,1,12,35.8716962,128.5547852
659,평리광명네거리,대구광역시 서구 서대구로 175(남산건강원) 부터,대구광역시 서구 서대구로 149(쉐보레 평리전시장) 까지,1,19,35.8714302,128.5548194
660,평리광명네거리,대구광역시 서구 국채보상로 223(투썸플레이스 대구신평리점)부터,대구광역시 서구 서대구로 188(천일약국) 까지,1,11,35.8707747,128.5550993
661,평리광명네거리,대구광역시 서구 국채보상로 223(투썸플레이스 대구신평리점)부터,대구광역시 서구 서대구로 188(천일약국) 까지,1,18,35.8709825,128.5550725
662,평리광명네거리,대구광역시 서구 국채보상로 223(투썸플레이스 대구신평리점)부터,대구광역시 서구 서대구로 188(천일약국) 까지,1,5,35.8711154,128.5550718
663,평리광명네거리,대구광역시 서구 국채보상로 223(투썸플레이스 대구신평리점)부터,대구광역시 서구 서대구로 188(천일약국) 까지,1,4,35.8712066,128.555106
664,평리광명네거리,대구광역시 서구 국채보상로 223(투썸플레이스 대구신평리점)부터,대구광역시 서구 서대구로 188(천일약국) 까지,1,8,35.8725982,128.5551248
665,평리광명네거리,대구광역시 서구 국채보상로 223(투썸플레이스 대구신평리점)부터,대구광역시 서구 서대구로 188(천일약국) 까지,1,12,35.8727167,128.5551154
666,평리광명네거리,대구광역시 서구 국채보상로 223(투썸플레이스 대구신평리점)부터,대구광역시 서구 서대구로 188(천일약국) 까지,1,16,35.8729196,128.5550822
667,평리광명네거리,대구광역시 서구 국채보상로 223(투썸플레이스 대구신평리점)부터,대구광역시 서구 서대구로 188(천일약국) 까지,1,12,35.8731071,128.5551402
668,평리광명네거리,대구광역시 서구 국채보상로 223(투썸플레이스 대구신평리점)부터,대구광역시 서구 서대구로 188(천일약국) 까지,1,14,35.8734415,128.5550869
669,평리광명네거리,대구광역시 서구 국채보상로 223(투썸플레이스 대구신평리점)부터,대구광역시 서구 서대구로 188(천일약국) 까지,1,11,35.8735629,128.5551292
670,평리광명네거리,대구광역시 서구 국채보상로 223(투썸플레이스 대구신평리점)부터,대구광역시 서구 서대구로 188(천일약국) 까지,1,12,35.8739129,128.5551003
671,평리광명네거리,대구광역시 서구 국채보상로 223(투썸플레이스 대구신평리점)부터,대구광역시 서구 서대구로 188(천일약국) 까지,1,10,35.874554,128.5551567
672,평리광명네거리,대구광역시 서구 국채보상로 223(투썸플레이스 대구신평리점)부터,대구광역시 서구 서대구로 188(천일약국) 까지,1,4,35.8747374,128.5551265
673,평리광명네거리,대구광역시 서구 국채보상로 223(투썸플레이스 대구신평리점)부터,대구광역시 서구 서대구로 188(천일약국) 까지,1,13,35.8747896,128.5551355
674,신평리네거리,대구광역시 서구 서대구로 135(서일부동산) 부터,대구광역시 서구 서대구로 87(김광훈산부인과의원) 까지,1,9,35.8700047,128.5548844
675,신평리네거리,대구광역시 서구 서대구로 135(서일부동산) 부터,대구광역시 서구 서대구로 87(김광훈산부인과의원) 까지,1,10,35.8698525,128.5549361
676,신평리네거리,대구광역시 서구 서대구로 135(서일부동산) 부터,대구광역시 서구 서대구로 87(김광훈산부인과의원) 까지,1,4,35.8697083,128.5549743
677,신평리네거리,대구광역시 서구 서대구로 135(서일부동산) 부터,대구광역시 서구 서대구로 87(김광훈산부인과의원) 까지,1,8,35.8695917,128.554993
678,신평리네거리,대구광역시 서구 서대구로 135(서일부동산) 부터,대구광역시 서구 서대구로 87(김광훈산부인과의원) 까지,1,18,35.8690296,128.5550614
679,신평리네거리,대구광역시 서구 서대구로 135(서일부동산) 부터,대구광역시 서구 서대구로 87(김광훈산부인과의원) 까지,1,10,35.868859,128.555094
680,신평리네거리,대구광역시 서구 서대구로 135(서일부동산) 부터,대구광역시 서구 서대구로 87(김광훈산부인과의원) 까지,1,3,35.868362,128.5551419
681,신평리네거리,대구광역시 서구 서대구로 135(서일부동산) 부터,대구광역시 서구 서대구로 87(김광훈산부인과의원) 까지,1,5,35.8682732,128.5551852
682,신평리네거리,대구광역시 서구 서대구로 135(서일부동산) 부터,대구광역시 서구 서대구로 87(김광훈산부인과의원) 까지,1,3,35.8678882,128.5552817
683,신평리네거리,대구광역시 서구 서대구로 135(서일부동산) 부터,대구광역시 서구 서대구로 87(김광훈산부인과의원) 까지,1,8,35.8678159,128.5552904
684,신평리네거리,대구광역시 서구 서대구로 135(서일부동산) 부터,대구광역시 서구 서대구로 87(김광훈산부인과의원) 까지,1,6,35.8676328,128.5552599
685,신평리네거리,대구광역시 서구 서대구로 135(서일부동산) 부터,대구광역시 서구 서대구로 87(김광훈산부인과의원) 까지,1,9,35.8674277,128.5553163
686,신평리네거리,대구광역시 서구 서대구로 135(서일부동산) 부터,대구광역시 서구 서대구로 87(김광훈산부인과의원) 까지,1,23,35.8672782,128.5553498
687,신평리네거리,대구광역시 서구 서대구로 135(서일부동산) 부터,대구광역시 서구 서대구로 87(김광훈산부인과의원) 까지,1,19,35.8669544,128.5554064
688,신평리네거리,대구광역시 서구 서대구로 135(서일부동산) 부터,대구광역시 서구 서대구로 87(김광훈산부인과의원) 까지,1,13,35.8664832,128.5555033
689,신평리네거리,대구광역시 서구 서대구로 135(서일부동산) 부터,대구광역시 서구 서대구로 87(김광훈산부인과의원) 까지,1,3,35.8661306,128.5555751
690,신평리네거리,대구광역시 서구 서대구로 135(서일부동산) 부터,대구광역시 서구 서대구로 87(김광훈산부인과의원) 까지,1,10,35.8659803,128.5555892
691,신평리네거리,대구광역시 서구 서대구로 135(서일부동산) 부터,대구광역시 서구 서대구로 87(김광훈산부인과의원) 까지,1,6,35.8657366,128.5556421
692,신평리네거리,대구광역시 서구 서대구로 64(팬더짬뽕) 부터,대구 서구 서대구로 132(바라던바다 대게&새우)까지,1,4,35.8637776,128.5563043
693,신평리네거리,대구광역시 서구 서대구로 64(팬더짬뽕) 부터,대구 서구 서대구로 132(바라던바다 대게&새우)까지,1,3,35.8638903,128.556244
694,신평리네거리,대구광역시 서구 서대구로 64(팬더짬뽕) 부터,대구 서구 서대구로 132(바라던바다 대게&새우)까지,1,13,35.8640066,128.5562705
695,신평리네거리,대구광역시 서구 서대구로 64(팬더짬뽕) 부터,대구 서구 서대구로 132(바라던바다 대게&새우)까지,1,15,35.8648087,128.556134
696,신평리네거리,대구광역시 서구 서대구로 64(팬더짬뽕) 부터,대구 서구 서대구로 132(바라던바다 대게&새우)까지,1,3,35.8650283,128.5560669
697,신평리네거리,대구광역시 서구 서대구로 64(팬더짬뽕) 부터,대구 서구 서대구로 132(바라던바다 대게&새우)까지,1,8,35.8651875,128.5560187
698,신평리네거리,대구광역시 서구 서대구로 64(팬더짬뽕) 부터,대구 서구 서대구로 132(바라던바다 대게&새우)까지,1,13,35.8652959,128.5560227
699,신평리네거리,대구광역시 서구 서대구로 64(팬더짬뽕) 부터,대구 서구 서대구로 132(바라던바다 대게&새우)까지,1,12,35.8656744,128.5560059
700,신평리네거리,대구광역시 서구 서대구로 64(팬더짬뽕) 부터,대구 서구 서대구로 132(바라던바다 대게&새우)까지,1,12,35.8658105,12805558661
701,신평리네거리,대구광역시 서구 서대구로 64(팬더짬뽕) 부터,대구 서구 서대구로 132(바라던바다 대게&새우)까지,1,4,35.8659319,128.555852
702,신평리네거리,대구광역시 서구 서대구로 64(팬더짬뽕) 부터,대구 서구 서대구로 132(바라던바다 대게&새우)까지,1,9,35.866074,128.5558302
703,신평리네거리,대구광역시 서구 서대구로 64(팬더짬뽕) 부터,대구 서구 서대구로 132(바라던바다 대게&새우)까지,1,9,35.8661884,128.5558849
704,신평리네거리,대구광역시 서구 서대구로 64(팬더짬뽕) 부터,대구 서구 서대구로 132(바라던바다 대게&새우)까지,1,2,35.8663566,128.5558292
705,신평리네거리,대구광역시 서구 서대구로 64(팬더짬뽕) 부터,대구 서구 서대구로 132(바라던바다 대게&새우)까지,1,10,35.8664669,128.5557786
706,신평리네거리,대구광역시 서구 서대구로 64(팬더짬뽕) 부터,대구 서구 서대구로 132(바라던바다 대게&새우)까지,1,8,35.8668147,128.5557655
707,신평리네거리,대구광역시 서구 서대구로 64(팬더짬뽕) 부터,대구 서구 서대구로 132(바라던바다 대게&새우)까지,1,10,35.8670609,128.5557052
708,신평리네거리,대구광역시 서구 서대구로 64(팬더짬뽕) 부터,대구 서구 서대구로 132(바라던바다 대게&새우)까지,1,9,35.8672345,128.5556683
709,신평리네거리,대구광역시 서구 서대구로 64(팬더짬뽕) 부터,대구 서구 서대구로 132(바라던바다 대게&새우)까지,1,8,35.8673491,128.5556063
710,신평리네거리,대구광역시 서구 서대구로 64(팬더짬뽕) 부터,대구 서구 서대구로 132(바라던바다 대게&새우)까지,1,22,35.8674991,128.5556073
711,신평리네거리,대구광역시 서구 서대구로 64(팬더짬뽕) 부터,대구 서구 서대구로 132(바라던바다 대게&새우)까지,1,11,35.8677379,128.5555821
712,신평리네거리,대구광역시 서구 서대구로 64(팬더짬뽕) 부터,대구 서구 서대구로 132(바라던바다 대게&새우)까지,1,13,35.8678222,128.5554879
713,신평리네거리,대구광역시 서구 서대구로 64(팬더짬뽕) 부터,대구 서구 서대구로 132(바라던바다 대게&새우)까지,1,4,35.8688046,128.5553444
714,신평리네거리,대구광역시 서구 서대구로 64(팬더짬뽕) 부터,대구 서구 서대구로 132(바라던바다 대게&새우)까지,1,9,35.8688698,128.5553129
715,신평리네거리,대구광역시 서구 서대구로 64(팬더짬뽕) 부터,대구 서구 서대구로 132(바라던바다 대게&새우)까지,1,18,35.868944,128.5553505
716,신평리네거리,대구광역시 서구 서대구로 64(팬더짬뽕) 부터,대구 서구 서대구로 132(바라던바다 대게&새우)까지,1,17,35.8693246,128.5552566
717,신평리네거리,대구광역시 서구 서대구로 64(팬더짬뽕) 부터,대구 서구 서대구로 132(바라던바다 대게&새우)까지,1,9,35.8695015,128.5551909
718,신평리네거리,대구광역시 서구 서대구로 64(팬더짬뽕) 부터,대구 서구 서대구로 132(바라던바다 대게&새우)까지,1,12,35.869645,128.5552355
719,남평리네거리,대구광역시 서구 서대구로 59(삼원신용협동조합 본점) 부터,대구광역시 서구 서대구로 13(대교 서대구센터) 까지,1,27,35.8631236,128.556135
720,남평리네거리,대구광역시 서구 서대구로 59(삼원신용협동조합 본점) 부터,대구광역시 서구 서대구로 13(대교 서대구센터) 까지,1,23,35.862932,128.5561648
721,남평리네거리,대구광역시 서구 서대구로 59(삼원신용협동조합 본점) 부터,대구광역시 서구 서대구로 13(대교 서대구센터) 까지,1,14,35.8625152,128.5562124
722,남평리네거리,대구광역시 서구 서대구로 59(삼원신용협동조합 본점) 부터,대구광역시 서구 서대구로 13(대교 서대구센터) 까지,1,7,35.8623263,128.5562664
723,남평리네거리,대구광역시 서구 서대구로 59(삼원신용협동조합 본점) 부터,대구광역시 서구 서대구로 13(대교 서대구센터) 까지,1,9,35.862194,128.5562758
724,남평리네거리,대구광역시 서구 서대구로 59(삼원신용협동조합 본점) 부터,대구광역시 서구 서대구로 13(대교 서대구센터) 까지,1,20,35.8617981,128.5562919
725,남평리네거리,대구광역시 서구 서대구로 59(삼원신용협동조합 본점) 부터,대구광역시 서구 서대구로 13(대교 서대구센터) 까지,1,4,35.861606,128.5563821
726,남평리네거리,대구광역시 서구 서대구로 59(삼원신용협동조합 본점) 부터,대구광역시 서구 서대구로 13(대교 서대구센터) 까지,1,10,35.8614729,128.556428
727,남평리네거리,대구광역시 서구 서대구로 59(삼원신용협동조합 본점) 부터,대구광역시 서구 서대구로 13(대교 서대구센터) 까지,1,5,35.8613843,128.5564264
728,남평리네거리,대구광역시 서구 서대구로 59(삼원신용협동조합 본점) 부터,대구광역시 서구 서대구로 13(대교 서대구센터) 까지,1,8,35.8610998,128.5565008
729,남평리네거리,대구광역시 서구 서대구로 59(삼원신용협동조합 본점) 부터,대구광역시 서구 서대구로 13(대교 서대구센터) 까지,1,7,35.8609683,128.5565246
730,남평리네거리,대구광역시 서구 서대구로 59(삼원신용협동조합 본점) 부터,대구광역시 서구 서대구로 13(대교 서대구센터) 까지,1,17,35.8607517,128.5565987
731,남평리네거리,대구광역시 서구 서대구로 59(삼원신용협동조합 본점) 부터,대구광역시 서구 서대구로 13(대교 서대구센터) 까지,1,28,35.860005,128.5566983
732,남평리네거리,대구광역시 서구 서대구로 59(삼원신용협동조합 본점) 부터,대구광역시 서구 서대구로 13(대교 서대구센터) 까지,1,21,35.8595711,128.5568082
733,남평리네거리,대구광역시 서구 서대구로 59(삼원신용협동조합 본점) 부터,대구광역시 서구 서대구로 13(대교 서대구센터) 까지,1,14,35.8592132,128.5568703
734,두류네거리,대구광역시 서구 서대구로 59(삼원신용협동조합 본점) 부터,대구광역시 서구 서대구로 13(대교 서대구센터) 까지,1,9,35.8590855,128.5568699
735,두류네거리,대구광역시 서구 서대구로 10(두류역 자이 공사현장(구 우리은행)) 부터,대구광역시 서구 서대구로 54 1층(뼈큰감자탕 내당점) 까지,1,24,35.8589516,128.5572434
736,두류네거리,대구광역시 서구 서대구로 10(두류역 자이 공사현장(구 우리은행)) 부터,대구광역시 서구 서대구로 54 1층(뼈큰감자탕 내당점) 까지,1,16,35.8592325,128.5571405
737,두류네거리,대구광역시 서구 서대구로 10(두류역 자이 공사현장(구 우리은행)) 부터,대구광역시 서구 서대구로 54 1층(뼈큰감자탕 내당점) 까지,1,15,35.8594719,128.5571019
738,두류네거리,대구광역시 서구 서대구로 10(두류역 자이 공사현장(구 우리은행)) 부터,대구광역시 서구 서대구로 54 1층(뼈큰감자탕 내당점) 까지,1,8,35.8596833,128.5571063
739,두류네거리,대구광역시 서구 서대구로 10(두류역 자이 공사현장(구 우리은행)) 부터,대구광역시 서구 서대구로 54 1층(뼈큰감자탕 내당점) 까지,1,9,35.8598129,128.5570426
740,두류네거리,대구광역시 서구 서대구로 10(두류역 자이 공사현장(구 우리은행)) 부터,대구광역시 서구 서대구로 54 1층(뼈큰감자탕 내당점) 까지,1,5,35.8599135,128.5570044
741,두류네거리,대구광역시 서구 서대구로 10(두류역 자이 공사현장(구 우리은행)) 부터,대구광역시 서구 서대구로 54 1층(뼈큰감자탕 내당점) 까지,1,2,35.8608061,128.5568857
742,두류네거리,대구광역시 서구 서대구로 10(두류역 자이 공사현장(구 우리은행)) 부터,대구광역시 서구 서대구로 54 1층(뼈큰감자탕 내당점) 까지,1,7,35.8611376,128.556773
743,두류네거리,대구광역시 서구 서대구로 10(두류역 자이 공사현장(구 우리은행)) 부터,대구광역시 서구 서대구로 54 1층(뼈큰감자탕 내당점) 까지,1,10,3508612128,128.5567563
744,두류네거리,대구광역시 서구 서대구로 10(두류역 자이 공사현장(구 우리은행)) 부터,대구광역시 서구 서대구로 54 1층(뼈큰감자탕 내당점) 까지,1,8,35.8615424,128.5566785
745,두류네거리,대구광역시 서구 서대구로 10(두류역 자이 공사현장(구 우리은행)) 부터,대구광역시 서구 서대구로 54 1층(뼈큰감자탕 내당점) 까지,1,18,35.8617446,128.5567636
746,두류네거리,대구광역시 서구 서대구로 10(두류역 자이 공사현장(구 우리은행)) 부터,대구광역시 서구 서대구로 54 1층(뼈큰감자탕 내당점) 까지,1,8,35.8620016,128.5566738
747,두류네거리,대구광역시 서구 서대구로 10(두류역 자이 공사현장(구 우리은행)) 부터,대구광역시 서구 서대구로 54 1층(뼈큰감자탕 내당점) 까지,1,5,35.862175,128.5565906
748,두류네거리,대구광역시 서구 서대구로 10(두류역 자이 공사현장(구 우리은행)) 부터,대구광역시 서구 서대구로 54 1층(뼈큰감자탕 내당점) 까지,1,5,35.8623774,128.5566087
749,두류네거리,대구광역시 서구 서대구로 10(두류역 자이 공사현장(구 우리은행)) 부터,대구광역시 서구 서대구로 54 1층(뼈큰감자탕 내당점) 까지,1,12,35.8624081,128.556588
750,두류네거리,대구광역시 서구 서대구로 10(두류역 자이 공사현장(구 우리은행)) 부터,대구광역시 서구 서대구로 54 1층(뼈큰감자탕 내당점) 까지,1,9,35.8625994,128.5565152
751,두류네거리,대구광역시 서구 서대구로 10(두류역 자이 공사현장(구 우리은행)) 부터,대구광역시 서구 서대구로 54 1층(뼈큰감자탕 내당점) 까지,1,9,35.8626913,128.5564904
