연번,시군명,행정동,유형,어린이집명,주소,우편번호,위도,경도
1,대구광역시 달성군,현풍읍,직장,DGIST직장어린이집,대구광역시 달성군 현풍읍 테크노중앙대로 333 비슬빌리지 302동 1층,42988,35.70564221,128.4550076
2,대구광역시 달성군,다사읍서재출장소,가정,가온누리어린이집,대구광역시 달성군 다사읍 세천로 160 104동 105호 (북죽곡엠코타운더솔레뉴),42930,35.87399612,128.4777876
3,대구광역시 달성군,옥포읍,민간,가온빛어린이집,대구광역시 달성군 옥포읍 비슬로 1941 LH허브시티 관리동,42968,35.78385805,128.4339724
4,대구광역시 달성군,구지면,민간,가온솔어린이집,대구광역시 달성군 구지면 과학마을로2길 6,43009,35.65579607,128.4155284
5,대구광역시 달성군,가창면,사회복지법인,가창어린이집,대구광역시 달성군 가창면 퇴계길 5,42937,35.78047023,128.6509424
6,대구광역시 달성군,옥포읍,국공립,강림어린이집,대구광역시 달성군 옥포읍 돌미로 51 천년나무2단지,42974,35.78006967,128.4396704
7,대구광역시 달성군,다사읍,민간,강창리더스어린이집,대구광역시 달성군 달구벌대로 814 강창하이츠 단지내,42915,35.86202273,128.4603315
8,대구광역시 달성군,다사읍서재출장소,가정,건영캐스빌어린이집,"대구광역시 달성군 다사읍 서재로12길 41-16 106동 102호(서재리, 와룡건영캐스빌)",42928,35.86756871,128.4957652
9,대구광역시 달성군,유가읍,직장,과학나무공동직장어린이집,대구광역시 달성군 유가읍 테크노대로6길 20,43023,35.68661886,128.4656493
10,대구광역시 달성군,구지면,민간,과학마을어린이집,대구광역시 달성군 구지면 과학마을로 70 과학마을청아람 단지 내,43008,35.6557426,128.4205311
11,대구광역시 달성군,구지면,국공립,구지반도유보라어린이집,대구광역시 달성군 구지면 과학마을로3길 14,43008,35.65792733,128.4195486
12,대구광역시 달성군,구지면,가정,구지아이숲어린이집,대구광역시 달성군 구지면 과학마을로3길 14 104동103호(대구국가산단반도유보라),43008,35.65693075,128.4210012
13,대구광역시 달성군,구지면,국공립,구지어린이집,대구광역시 달성군 창리중앙3길 12,43010,35.65739463,128.4120025
14,대구광역시 달성군,현풍읍,국공립,국가산단이다음어린이집,대구광역시 달성군 현풍읍 국가산단대로70길 41,43008,35.66279773,128.421253
15,대구광역시 달성군,화원읍,국공립,그린빌어린이집,대구광역시 달성군 화원읍 명천로 57 관리동,42965,35.80438332,128.5112599
16,대구광역시 달성군,다사읍,민간,그린숲어린이집,대구광역시 달성군 다사읍 다사로 50 관리동,42910,35.86439411,128.4601016
17,대구광역시 달성군,논공읍,민간,그린어린이집,대구광역시 달성군 논공읍 논공로15길 20-9,42979,35.73018077,128.4419487
18,대구광역시 달성군,다사읍서재출장소,가정,금봉해맑은어린이집,대구광역시 달성군 다사읍 서재로 120 102/102. 화진금봉,42927,35.87462459,128.498301
19,대구광역시 달성군,옥포읍,가정,꼬꼬마어린이집,대구광역시 달성군 옥포읍 돌미로 70 417동 103호(옥포대성베르힐4단지),42974,35.78055588,128.4422614
20,대구광역시 달성군,옥포읍,가정,꼬마대통령어린이집,대구광역시 달성군 옥포읍 비슬로447길 11 삼환나우빌 101동 102호,42971,35.79064549,128.4651288
21,대구광역시 달성군,논공읍,민간,꿈그린어린이집,대구광역시 달성군 논공로17길 20,42979,35.73034941,128.4426571
22,대구광역시 달성군,구지면,가정,꿈나무어린이집,대구광역시 달성군 구지면 과학마을로2길 6 207동105호(달성 화성 파크드림),43009,35.65378396,128.413519
23,대구광역시 달성군,화원읍,민간,꿈땅어린이집,대구광역시 달성군 화원읍 비슬로512길 20-7,42962,35.80241804,128.4963326
24,대구광역시 달성군,화원읍,국공립,꿈의숲어린이집,대구광역시 달성군 화원읍 명천로 383,42957,35.79126382,128.4842489
25,대구광역시 달성군,화원읍,가정,꿈이있는 어린이집,대구광역시 달성군 화원읍 성화로4길 13 태왕아파트 103동 101호,42946,35.80269155,128.4912004
26,대구광역시 달성군,화원읍,국공립,꿈터어린이집,대구광역시 달성군 화원읍 명천로17길 30-7,42966,35.80100868,128.5078748
27,대구광역시 달성군,유가읍,가정,나무뜰어린이집,대구광역시 달성군 유가읍 테크노대로 195 103동 102호(대구 테크노폴리스 반도유보라 아이비파크),43019,35.6897439,128.4686506
28,대구광역시 달성군,논공읍공단출장소,민간,남동어린이집,대구광역시 달성군 남리길 32-6,42985,35.72449355,128.4491462
29,대구광역시 달성군,다사읍,사회복지법인,녹원어린이집,대구광역시 달성군 다사읍 다사로 82-4 녹원어린이집,42909,35.86753512,128.4589571
30,대구광역시 달성군,논공읍,사회복지법인,논공어린이집,대구광역시 달성군 논공읍 논공로23길 6-15,42979,35.73020687,128.447067
31,대구광역시 달성군,현풍읍,가정,늘푸른어린이집,대구광역시 달성군 현풍읍 테크노상업로 33 서한이다음 106/102,42995,35.69225827,128.4523127
32,대구광역시 달성군,다사읍,민간,다사동그라미어린이집,대구광역시 달성군 다사역로 60,42909,35.86872523,128.4565057
33,대구광역시 달성군,다사읍,국공립,다사랑어울림어린이집,대구광역시 달성군 다사읍 다사로 71,42909,35.86654483,128.4586524
34,대구광역시 달성군,다사읍,민간,다사어린이집,대구광역시 달성군 다사읍 다사역로1길 30,42908,35.8621455,128.4565121
35,대구광역시 달성군,유가읍,민간,다연어린이집,대구광역시 달성군 유가읍 테크노상업로 111 테크노폴리스 4단지,43015,35.69484705,128.4612885
36,대구광역시 달성군,옥포읍,직장,달성군청직장어린이집,대구광역시 달성군 옥포읍 강림3길 42,42974,35.77753756,128.4345462
37,대구광역시 달성군,유가읍,직장,달성산단참꽃직장어린이집,대구광역시 달성군 유가읍 테크노북로6길 26,43015,35.69474156,128.4605918
38,대구광역시 달성군,옥포읍,국공립,대성베르힐어린이집,대구광역시 달성군 옥포읍 돌미로8길 19,42974,35.7832057,128.4495658
39,대구광역시 달성군,다사읍,민간,대실아름어린이집,대구광역시 달성군 대실역남로 35 죽곡청아람리슈빌4단지,42919,35.85431681,128.4648815
40,대구광역시 달성군,현풍읍,민간,더퍼스트어린이집,대구광역시 달성군 현풍읍 테크노상업로 49 제일풍경채더퍼스트 단지내,42995,35.6931982,128.4540307
41,대구광역시 달성군,다사읍,가정,도담어린이집,대구광역시 달성군 다사읍 서재로7길 25 305동 105호 (에코폴리스 동화아이위시3차),42929,35.86929015,128.4892093
42,대구광역시 달성군,유가읍,민간,도아어린이집,대구광역시 달성군 유가읍 테크노대로5길 57 대구테크노폴리스남해오네뜨2차 203동 1층,43016,35.69491097,128.4657418
43,대구광역시 달성군,구지면,민간,도원어린이집,대구광역시 달성군 창리중앙2길 28,43010,35.65900959,128.411558
44,대구광역시 달성군,화원읍,민간,동그라미어린이집,대구광역시 달성군 화원읍 비슬로500길 10,42956,35.79885204,128.4911546
45,대구광역시 달성군,다사읍,민간,동화 I-WISH 어린이집,대구광역시 달성군 다사읍 대실역북로 55 207동 1호,42914,35.86184633,128.4663207
46,대구광역시 달성군,다사읍,가정,동화나라어린이집,대구광역시 달성군 다사읍 서재로7길 25 314동 106호(동화아이위시3차),42929,35.87085711,128.4895401
47,대구광역시 달성군,구지면,국공립,디에트르어린이집,대구광역시 달성군 국가산단대로70길 17,43008,35.66280793,128.4183371
48,대구광역시 달성군,다사읍,민간,라온숲어린이집,대구광역시 달성군 다사읍 대실역남로 93 죽곡푸르지오 209동 1층,42920,35.85127853,128.4650851
49,대구광역시 달성군,화원읍,민간,래미안숲속어린이집,대구광역시 달성군 화원읍 비슬로539길 35 대곡역래미안아파트 108동1층 보육시설,42951,35.8109263,128.5071856
50,대구광역시 달성군,화원읍,가정,래미안호수어린이집,대구광역시 달성군 화원읍 비슬로539길 35 대곡역래미안 102동 105호,42951,35.81222297,128.5074816
51,대구광역시 달성군,옥포읍,국공립,르상트레빌어린이집,대구광역시 달성군 옥포읍 금계길 12,42969,35.78599836,128.4475572
52,대구광역시 달성군,다사읍,가정,리슈빌한서어린이집,대구광역시 달성군 다사읍 대실역남로 33 308/105. 리슈빌 3단지,42919,35.85430134,128.4665421
53,대구광역시 달성군,다사읍,민간,리틀삐아제어린이집,대구광역시 달성군 다사읍 서재로 59,42929,35.86918213,128.4957532
54,대구광역시 달성군,다사읍,국공립,매곡어린이집,대구광역시 달성군 다사읍 매곡로14길 11,42908,35.86706384,128.4549126
55,대구광역시 달성군,화원읍,국공립,명곡어린이집,대구광역시 달성군 화원읍 명곡로 30,42959,35.79697849,128.4952366
56,대구광역시 달성군,화원읍,민간,명곡천사어린이집,대구광역시 달성군 화암로 120 명곡미래빌 4단지 내,42959,35.79869625,128.5004915
57,대구광역시 달성군,화원읍,가정,명원어린이집,대구광역시 달성군 화원읍 명천로 57 113동 103호(대곡역그린빌),42965,35.80430508,128.5126978
58,대구광역시 달성군,구지면,국공립,모아미래도어린이집,대구광역시 달성군 국가산단대로70길 42,43008,35.66079162,128.4227003
59,대구광역시 달성군,논공읍,민간,미가숲어린이집,대구광역시 달성군 논공읍 금포로 75-20,42974,35.76901965,128.4270787
60,대구광역시 달성군,현풍읍,가정,미라주어린이집,대구광역시 달성군 현풍읍 테크노북로2길 9 109동 104호(대구테크노폴리스일동미라주더파크),42995,35.69255974,128.4512427
61,대구광역시 달성군,화원읍,민간,미래어린이집,대구광역시 달성군 화원읍 명곡로 11,42960,35.79875803,128.4986442
62,대구광역시 달성군,논공읍,사회복지법인,미소어린이집,대구광역시 달성군 논공읍 논공로5길 121 사회복지법인 미소어린이집,42979,35.72937724,128.442309
63,대구광역시 달성군,옥포읍,민간,미진아이마루어린이집,대구광역시 달성군 옥포읍 비슬로447길 56 108동 1층,42971,35.79621087,128.4663893
64,대구광역시 달성군,구지면,국공립,반도아이사랑어린이집,대구광역시 달성군 국가산단북로60길 59,43008,35.65805716,128.4210844
65,대구광역시 달성군,유가읍,국공립,반도유보라어린이집,대구광역시 달성군 유가읍 테크노대로 195 대구테크노폴리스 반도유보라아이비파크,43019,35.69031463,128.4679137
66,대구광역시 달성군,화원읍,사회복지법인,백설어린이집,대구광역시 달성군 비슬로502길 14 `,42956,35.79903714,128.4921736
67,대구광역시 달성군,옥포읍,민간,베르힐어린이집,대구광역시 달성군 옥포읍 돌미로 70,42974,35.77944994,128.4415252
68,대구광역시 달성군,다사읍,국공립,보문어린이집,대구광역시 달성군 다사읍 다사로 82-2,42909,35.86757253,128.458603
69,대구광역시 달성군,논공읍,민간,북동아이사랑어린이집,대구광역시 달성군 논공읍 논공로15길 16,42979,35.72962312,128.441625
70,대구광역시 달성군,다사읍서재출장소,가정,비발디어린이집,대구광역시 달성군 다사읍 세천로 187 107동 104호(대구세천한라비발디),42922,35.8767267,128.4801518
71,대구광역시 달성군,유가읍,민간,비슬어린이집,대구광역시 달성군 유가읍 테크노대로5길 79 대구테크노폴리스진아리채 단지 내,43016,35.69552366,128.4658006
72,대구광역시 달성군,유가읍,민간,비엘케이축복어린이집,대구광역시 달성군 유가읍 테크노북로9길 42 대구테크노 원 힐데스하임 107동 1층,43019,35.69279011,128.4687459
73,대구광역시 달성군,다사읍,민간,빛나는별어린이집,대구광역시 달성군 다사읍 매곡로14길 8 삼정그린코아더베스트,42910,35.86439411,128.4601016
74,대구광역시 달성군,유가읍,가정,빛나어린이집,대구광역시 달성군 유가읍 테크노대로 165 202동 103호(제일풍경채 센트럴),43019,35.69074374,128.4641817
75,대구광역시 달성군,다사읍서재출장소,국공립,삼정그린아이어린이집,대구광역시 달성군 다사읍 세천북로 10,42922,35.87581767,128.4798252
76,대구광역시 달성군,현풍읍,가정,새싹어린이집,대구광역시 달성군 현풍읍 테크노북로2길 9 107동 104호(대구테크노폴리스일동미라주더파크),42995,35.69339583,128.4518219
77,대구광역시 달성군,다사읍서재출장소,사회복지법인,서재어린이집,대구광역시 달성군 다사읍 서재로20길 23,42927,35.87123029,128.4995754
78,대구광역시 달성군,다사읍,국공립,서재태왕아너스어린이집,대구광역시 달성군 다사읍 궁산2길 12,42929,35.87254235,128.4873911
79,대구광역시 달성군,다사읍,국공립,서재휴먼시아어린이집,대구광역시 달성군 다사읍 서재로14길 2,42928,35.86830636,128.4961131
80,대구광역시 달성군,현풍읍,민간,서한이다음어린이집,대구광역시 달성군 현풍읍 테크노상업로 33 서한이다음아파트 내,42995,35.6922402,128.4523237
81,대구광역시 달성군,다사읍,사회복지법인,세계어린이집,대구광역시 달성군 다사읍 매곡로4길 36,42908,35.86500227,128.4542586
82,대구광역시 달성군,다사읍,협동,솔방울어린이집,대구광역시 달성군 다사읍 강정길 36-5,42917,35.84503025,128.4656131
83,대구광역시 달성군,논공읍,국공립,스탠포드어린이집,대구광역시 달성군 논공읍 논공로5길 198,42979,35.73015493,128.4464919
84,대구광역시 달성군,화원읍,가정,신동아어린이집,대구광역시 달성군 화원읍 비슬로539길 38 102동 101호,42952,35.8117566,128.509061
85,대구광역시 달성군,옥포읍,민간,신솔정어린이집,대구광역시 달성군 옥포읍 비슬로455길 24,42972,35.791785,128.4687751
86,대구광역시 달성군,다사읍,가정,아너스어린이집,대구광역시 달성군 다사읍 왕선로 26 102동 102호(죽곡 하우젠트아너스빌),42914,35.86139955,128.4653216
87,대구광역시 달성군,다사읍서재출장소,가정,아띠어린이집,대구광역시 달성군 다사읍 세천남로 35 101동 101호 (제일풍경채 프라임),42930,35.87015408,128.4783845
88,대구광역시 달성군,다사읍서재출장소,민간,아이꿈어린이집,대구광역시 달성군 다사읍 서재로 120,42927,35.87438409,128.4976129
89,대구광역시 달성군,화원읍,민간,아이나라어린이집,대구광역시 달성군 화원읍 성천로24길 12-10,42948,35.80536401,128.4944921
90,대구광역시 달성군,논공읍공단출장소,가정,아이랑어린이집,대구광역시 달성군 논공읍 논공로7길 40-22,42978,35.7307263,128.4382043
91,대구광역시 달성군,다사읍,민간,아이비어린이집,대구광역시 달성군 다사읍 대실역남로 33,42919,35.85439112,128.4666312
92,대구광역시 달성군,다사읍,국공립,아이사랑어린이집,대구광역시 달성군 다사읍 달구벌대로 790,42915,35.86202999,128.4584381
93,대구광역시 달성군,유가읍,가정,아이숲어린이집,대구광역시 달성군 유가읍 테크노대로5길 58 103동 101호(대구테크노폴리스 호반베르디움),43016,35.6938714,128.4688295
94,대구광역시 달성군,다사읍,민간,아이엠어린이집,대구광역시 달성군 다사읍 다사로 103-8,42909,35.86948094,128.4568755
95,대구광역시 달성군,옥포읍,민간,아이원어린이집,대구광역시 달성군 옥포읍 금계길 53-1,42969,35.78799222,128.4446258
96,대구광역시 달성군,다사읍서재출장소,민간,아이위시3차어린이집,대구광역시 달성군 다사읍 서재로7길 25 보육시설,42929,35.87081141,128.4896949
97,대구광역시 달성군,현풍읍,가정,아이천사어린이집,대구광역시 달성군 현풍읍 테크노상업로 49 109동 105호(제일풍경채더퍼스트),42995,35.69463653,128.4550443
98,대구광역시 달성군,화원읍,국공립,안델센어린이집,대구광역시 달성군 화원읍 인흥길 41,42961,35.8006558,128.4996187
99,대구광역시 달성군,논공읍공단출장소,가정,알짬어린이집,대구광역시 달성군 논공로23길 14 성원아파트 4/102,42980,35.73123179,128.4453482
100,대구광역시 달성군,화원읍,민간,애플어린이집,대구광역시 달성군 화원읍 비슬로508길 22,42956,35.80002411,128.4954547
101,대구광역시 달성군,다사읍,가정,엄마사랑어린이집,"대구광역시 달성군 다사읍 달구벌대로 812 203동 106호(죽곡리, 강창하이츠)",42915,35.86114441,128.4613783
102,대구광역시 달성군,다사읍,국공립,에코동화아이위시어린이집,대구광역시 달성군 다사읍 서재로7길 23 (에코폴리스동화아이위시2차),42929,35.86809454,128.4906415
103,대구광역시 달성군,다사읍서재출장소,국공립,에코폴리스어린이집,대구광역시 달성군 다사읍 서재로12길 38 관리동,42928,35.86716493,128.4909458
104,대구광역시 달성군,구지면,국공립,영무예다음어린이집,대구광역시 달성군 국가산단서로84길 118,43010,35.66169388,128.4094402
105,대구광역시 달성군,현풍읍,민간,영재어린이집,대구광역시 달성군 현풍읍 현풍중앙로14길 34,43005,35.69495519,128.4470021
106,대구광역시 달성군,화원읍,사회복지법인,예사랑어린이집,대구광역시 달성군 화원읍 화원로7길 51,42954,35.80587767,128.4966972
107,대구광역시 달성군,현풍읍,민간,오네뜨어린이집,대구광역시 달성군 현풍읍 테크노북로4길 11 남해오네뜨1차 108동(뒤),42995,35.69556918,128.4562983
108,대구광역시 달성군,다사읍서재출장소,가정,오즈어린이집,"대구광역시 달성군 다사읍 서재로30길 17 106동 103호(서재리, 서재보성타운1차아파트)",42925,35.87643691,128.5003058
109,대구광역시 달성군,화원읍,민간,옥스포드 어린이집,대구광역시 달성군 화원읍 인흥길 29,42962,35.80115566,128.4986261
110,대구광역시 달성군,옥포읍,국공립,옥포서한이다음어린이집,대구광역시 달성군 옥포읍 돌미로6길 5,42974,35.78078896,128.4474615
111,대구광역시 달성군,옥포읍,국공립,옥포어린이집,대구광역시 달성군 옥포읍 신당4길 25 공립옥포어린이집,42969,35.79586994,128.4421916
112,대구광역시 달성군,옥포읍,국공립,옥포이진캐스빌어린이집,대구광역시 달성군 옥포읍 비슬로 2001,42968,35.7831561,128.4410812
113,대구광역시 달성군,옥포읍,민간,옥포천년나무어린이집,대구광역시 달성군 옥포읍 돌미로2길 15 대구옥포LH천년나무 3단지,42974,35.77622705,128.4380011
114,대구광역시 달성군,다사읍서재출장소,가정,온유어린이집,대구광역시 달성군 다사읍 세천로 187 108동 106호(대구세천한라비발디),42922,35.87603141,128.4804688
115,대구광역시 달성군,유가읍,국공립,우미린더포레스트어린이집,대구광역시 달성군 유가읍 테크노북로9길 16 (우미린더포레스트),43019,35.69319494,128.4643064
116,대구광역시 달성군,유가읍,가정,우미린어린이집,대구광역시 달성군 유가읍 테크노북로9길 16 102동 103호(우미린더포레스트),43019,35.69206802,128.4643662
117,대구광역시 달성군,구지면,국공립,유보라어린이집,대구광역시 달성군 국가산단북로34길 10,43010,35.6622647,128.4085705
118,대구광역시 달성군,다사읍,가정,유앤아이어린이집,"대구광역시 달성군 다사읍 매곡로4길 9 103동 1층(매곡리, 다사한일유앤아이)",42908,35.86440108,128.4535465
119,대구광역시 달성군,논공읍,가정,은송 어린이집,"대구광역시 달성군 논공읍 논공로7길 73 102동 103호(북리, 논공청구타운아파트)",42980,35.73118665,128.440484
120,대구광역시 달성군,다사읍,민간,은초롱 어린이집,대구광역시 달성군 다사읍 서재본1길 11,42923,35.87318466,128.495601
121,대구광역시 달성군,옥포읍,가정,이지비아어린이집,대구광역시 달성군 옥포읍 비슬로447길 56 101동 104호(미진이지비아),42971,35.79457793,128.466778
122,대구광역시 달성군,논공읍,민간,이튼어린이집,대구광역시 달성군 논공읍 논공로17길 16-8,42979,35.72968055,128.4431619
123,대구광역시 달성군,유가읍,민간,이화어린이집,대구광역시 달성군 유가읍 테크노북로 165 대구테크노폴리스 화성파크드림 단지 내,43014,35.69811039,128.4611747
124,대구광역시 달성군,현풍읍,국공립,일동미라주더파크어린이집,대구광역시 달성군 현풍읍 테크노북로2길 9,42995,35.69231185,128.450048
125,대구광역시 달성군,화원읍,가정,임마누엘어린이집,대구광역시 달성군 화원읍 명천로 57 115동103호(대곡역그린빌),42965,35.80464282,128.5117042
126,대구광역시 달성군,현풍읍,민간,자연과학어린이집,대구광역시 달성군 현풍읍 현풍동로25길 17,42997,35.69860947,128.4484039
127,대구광역시 달성군,다사읍서재출장소,민간,재능어린이집,대구광역시 달성군 서재로30길 42 서재우방아파트내 재능어린이집,42927,35.87571175,128.5012869
128,대구광역시 달성군,다사읍,민간,정원숲어린이집,대구광역시 달성군 다사읍 죽곡2길 2-10,42918,35.85770456,128.4605389
129,대구광역시 달성군,유가읍,국공립,제일풍경채센트럴어린이집,대구광역시 달성군 유가읍 테크노대로 165,43019,35.69135592,128.4643731
130,대구광역시 달성군,다사읍,민간,죽곡아이세상어린이집,대구광역시 달성군 다사읍 대실역남로 11 보육시설,42919,35.85629831,128.4652474
131,대구광역시 달성군,다사읍,사회복지법인,죽곡어린이집,대구광역시 달성군 다사읍 달구벌대로174길 17-5,42918,35.85792387,128.4621014
132,대구광역시 달성군,다사읍,국공립,죽곡한신휴플러스어린이집,대구광역시 달성군 다사읍 대실역남로 50 (죽곡한신휴플러스),42917,35.85307994,128.4630807
133,대구광역시 달성군,다사읍,국공립,죽곡협성휴포레어린이집,대구광역시 달성군 다사읍 달구벌대로174길 50,42915,35.85948562,128.459121
134,대구광역시 달성군,다사읍,국공립,죽곡휴먼시아어린이집,"대구광역시 달성군 다사읍 대실역북로1길 6 106동 1층(매곡리, 죽곡휴먼시아1단지아파트)",42914,35.85951285,128.4660745
135,대구광역시 달성군,구지면,국공립,줌파크어린이집,대구광역시 달성군 국가산단대로64길 63,43008,35.65580352,128.4237121
136,대구광역시 달성군,유가읍,국공립,중흥꿈자람어린이집,대구광역시 달성군 유가읍 테크노순환로 423,43016,35.69830735,128.468502
137,대구광역시 달성군,다사읍,국공립,즐거운어린이집,대구광역시 달성군 다사읍 대실역북로 26 205동 105호,42913,35.85954798,128.4686213
138,대구광역시 달성군,유가읍,가정,진아리채어린이집,대구광역시 달성군 유가읍 테크노대로5길 79 104동 104호(대구테크노폴리스진아리채),43016,35.69594384,128.4643666
139,대구광역시 달성군,다사읍서재출장소,민간,진흥파크어린이집,대구광역시 달성군 다사읍 서재로24길 29,42927,35.87303752,128.5006388
140,대구광역시 달성군,다사읍서재출장소,가정,참사랑어린이집,대구광역시 달성군 다사읍 서재로30길 7 서재2차보성타운 205동 102호,42925,35.87745698,128.4977651
141,대구광역시 달성군,화원읍,사회복지법인,천내어린이집,대구광역시 달성군 화원읍 화원로7길 55,42954,35.80577024,128.4965195
142,대구광역시 달성군,다사읍,민간,청아람어린이집,대구광역시 달성군 다사읍 대실역북로 26 대실역청아람 2단지,42913,35.85957779,128.4679129
143,대구광역시 달성군,다사읍,민간,초록마을어린이집,대구광역시 달성군 다사읍 대실역북로 38 106동 103호(대실역청아람1단지),42912,35.8607345,128.4694477
144,대구광역시 달성군,다사읍,가정,카이스트어린이집,대구광역시 달성군 다사읍 서재로7길 25 310동 102호(에코폴리스 동화아이위시3차),42929,35.86998633,128.4886821
145,대구광역시 달성군,다사읍,민간,키즈랜드 어린이집,대구광역시 달성군 다사읍 다사로4길 25,42910,35.86361549,128.4633415
146,대구광역시 달성군,다사읍서재출장소,가정,키즈맘어린이집,대구광역시 달성군 다사읍 서재로12길 41-16 103동 106호(와룡건영캐스빌),42928,35.86693043,128.4953626
147,대구광역시 달성군,다사읍,민간,키즈월드어린이집,대구광역시 달성군 다사읍 죽곡1길 42 대실이편한세상내,42918,35.85518461,128.4618972
148,대구광역시 달성군,구지면,민간,킨더바움어린이집,대구광역시 달성군 구지면 창리서로6길 22,43010,35.65829003,128.4084729
149,대구광역시 달성군,다사읍,가정,토토빌어린이집,대구광역시 달성군 다사읍 대실역북로 38 105동 107호 (청아람아파트),42912,35.86013006,128.4695881
150,대구광역시 달성군,다사읍,가정,튼튼어린이집,대구광역시 달성군 다사읍 대실역북로 26 206동 105호,42913,35.85881878,128.4683956
151,대구광역시 달성군,다사읍,가정,파란마을어린이집,대구광역시 달성군 다사읍 죽곡2길 6 103/108,42918,35.85661876,128.4616288
152,대구광역시 달성군,구지면,가정,펀키즈어린이집,대구광역시 달성군 구지면 과학마을로2길 6 208동 102호(달성화성파크드림),43009,35.65409696,128.4142385
153,대구광역시 달성군,화원읍,가정,평광어린이집,"대구광역시 달성군 화원읍 비슬로525길 37 207동 105호(천내리, 화원평광2차아파트)",42949,35.80816014,128.5005289
154,대구광역시 달성군,유가읍,직장,평화은초롱어린이집,대구광역시 달성군 유가읍 테크노북로9길 42 108동 103호(힐데스하임아파트),43019,35.69276082,128.4693202
155,대구광역시 달성군,현풍읍,국공립,포산어린이집,대구광역시 달성군 현풍읍 테크노북로2길 10 대구테크노폴리스천년나무1단지(LH),42995,35.69154696,128.4497122
156,대구광역시 달성군,다사읍,가정,푸르지오어린이집,대구광역시 달성군 다사읍 대실역남로 93 204/105(죽곡푸르지오2단지),42920,35.85036218,128.4666297
157,대구광역시 달성군,다사읍,가정,풍경어린이집,대구광역시 달성군 다사읍 세천남로 35 111동 101호(제일풍경채 프라임),42930,35.87178022,128.4797011
158,대구광역시 달성군,유가읍,가정,풍경채어린이집,대구광역시 달성군 유가읍 테크노대로 165 214동 103호(제일풍경채 센트럴),43019,35.69076307,128.4661706
159,대구광역시 달성군,다사읍서재출장소,국공립,풍경채프라임어린이집,대구광역시 달성군 다사읍 세천남로 35,42930,35.87211968,128.4782081
160,대구광역시 달성군,유가읍,민간,하나리움어린이집,대구광역시 달성군 유가읍 테크노북로 164 하나리움퀸즈파크 103동,43015,35.69561914,128.4620885
161,대구광역시 달성군,다사읍,가정,하늘사랑어린이집,대구광역시 달성군 다사읍 죽곡1길 42 대실역 e편한세상 105동 101호,42918,35.85479149,128.4633342
162,대구광역시 달성군,다사읍,민간,하늘샘어린이집,대구광역시 달성군 다사읍 서재로24길 6,42927,35.87271452,128.4981229
163,대구광역시 달성군,하빈면,국공립,하빈어린이집,대구광역시 달성군 하빈면 하빈로 404,42902,35.90064542,128.4433959
164,대구광역시 달성군,논공읍,가정,하은어린이집,대구광역시 달성군 논공읍 금포로 75-20 104동 102호,42974,35.76918723,128.4281081
165,대구광역시 달성군,다사읍서재출장소,민간,한라아이터어린이집,대구광역시 달성군 다사읍 세천로 187,42922,35.87732298,128.479801
166,대구광역시 달성군,다사읍,가정,한서어린이집,"대구광역시 달성군 다사읍 달구벌대로 802-1 101동 101호(, 강창한서꼼빠니아타운)",42915,35.86028724,128.4592695
167,대구광역시 달성군,유가읍,가정,해솔어린이집,대구광역시 달성군 유가읍 테크노대로5길 80 205동 104호 (호반베르디움 THE CLASS),43016,35.6962388,128.4673296
168,대구광역시 달성군,다사읍,국공립,해피아이어린이집,대구광역시 달성군 다사읍 대실역북로 96,42911,35.86383386,128.4651365
169,대구광역시 달성군,다사읍,민간,햇살조은어린이집,대구광역시 달성군 다사읍 왕선로 26 죽곡 하우젠트아너스빌 302동,42914,35.86014725,128.4651814
170,대구광역시 달성군,다사읍서재출장소,민간,현대엠코아이마루어린이집,대구광역시 달성군 다사읍 세천로 160 북죽곡엠코타운더솔레뉴 단지 내,42930,35.87441892,128.4802486
171,대구광역시 달성군,현풍읍,민간,현풍아이세상어린이집,대구광역시 달성군 현풍읍 현풍중앙로10길 64,42996,35.69535349,128.4489601
172,대구광역시 달성군,현풍읍,국공립,현풍천년나무어린이집,대구광역시 달성군 현풍읍 테크노북로2길 30 대구테크노폴리스천년나무2단지(LH),42995,35.69115154,128.4517982
173,대구광역시 달성군,현풍읍,국공립,현풍행복어린이집,대구광역시 달성군 현풍읍 테크노북로4길 27 LH 행복주택 천년나무 3단지,42995,35.69479399,128.4563049
174,대구광역시 달성군,화원읍,국공립,혜원어린이집,대구광역시 달성군 화원읍 명천로 231,42960,35.798065,128.4940485
175,대구광역시 달성군,유가읍,국공립,호반베르디움어린이집,대구광역시 달성군 유가읍 테크노대로5길 58 (호반베르디움),43016,35.6947789,128.4672548
176,대구광역시 달성군,유가읍,국공립,호반아이숲어린이집,대구광역시 달성군 유가읍 테크노대로5길 80,43016,35.69556492,128.4690936
177,대구광역시 달성군,화원읍,사회복지법인,화남어린이집,대구광역시 달성군 화원읍 비슬로512길 44,42962,35.80177881,128.4983312
178,대구광역시 달성군,다사읍서재출장소,민간,화성키즈스쿨 어린이집,대구광역시 달성군 다사읍 서재로27길 42 (신성서화성파크드림 단지내),42924,35.87529398,128.4955477
179,대구광역시 달성군,유가읍,가정,화성파크어린이집,대구광역시 달성군 유가읍 테크노북로 165 104동 101호(대구 테크노폴리스 화성파크드림),43014,35.69723698,128.4632802
180,대구광역시 달성군,화원읍,사회복지법인,화원어린이집,대구광역시 달성군 화원읍 비슬로530길 15-12,42964,35.80531337,128.5066187
181,대구광역시 달성군,화원읍,국공립,화원이진캐스빌어린이집,대구광역시 달성군 화원읍 비슬로 2545,42947,35.80391061,128.4950363
182,대구광역시 달성군,화원읍,민간,효성어린이집,대구광역시 달성군 화원읍 명천로 243 명곡미래빌 5단지 복지관 1층,42960,35.79838442,128.4930879
183,대구광역시 달성군,다사읍,국공립,힐스테이트다사어린이집,대구광역시 달성군 다사읍 매곡로12길 22,42908,35.86535918,128.4552129
